Document,Topic_group
"Create scripts to update asset details (e.g., location, condition, or owner) on a scheduled basis.",Non ITO
Automate the scheduling of maintenance tasks for assets based on usage or time intervals.,Non ITO
Automate the process of transferring asset ownership between departments or users.,Non ITO
Automate the allocation of assets to optimize utilization and reduce idle time.,Non ITO
"Automate the reporting process for asset incidents, such as theft or damage.",Non ITO
Automate budget tracking to ensure that asset-related expenses stay within approved limits.,Non ITO
Automate the creation and approval process for asset purchase requests.,Non ITO
Automate the export of asset data to Power BI for advanced data visualization and reporting.,Non ITO
Automate the creation of dashboards to display key asset metrics in real-time.,Non ITO
Automate real-time tracking of asset locations and conditions using sensors.,Non ITO
"Create scripts to update asset details (e.g., location, condition, or owner) on a scheduled basis.",Non ITO
Automate the scheduling of maintenance tasks for assets based on usage or time intervals.,Non ITO
Automate the process of transferring asset ownership between departments or users.,Non ITO
Automate the allocation of assets to optimize utilization and reduce idle time.,Non ITO
"Automate the reporting process for asset incidents, such as theft or damage.",Non ITO
Automate budget tracking to ensure that asset-related expenses stay within approved limits.,Non ITO
Automate the creation and approval process for asset purchase requests.,Non ITO
Automate the export of asset data to Power BI for advanced data visualization and reporting.,Non ITO
Automate the creation of dashboards to display key asset metrics in real-time.,Non ITO
Automate real-time tracking of asset locations and conditions using sensors.,Non ITO
Add automation to populate asset details into BlueTally using barcode scanners.,Non ITO
Automate scheduling of maintenance tasks for assets based on usage or time intervals.,Non ITO
Automate the process of changing asset ownership between departments or users.,Non ITO
Automate the allocation of assets to optimize utilization and reduce idle time.,Non ITO
Automate the creation of visual hierarchies for assets based on categories or ownership.,Non ITO
"Automate the reporting process for asset incidents, such as theft or damage.",Non ITO
Automate budget tracking to ensure that asset-related expenses stay within approved limits.,Non ITO
Automate the creation and approval process for asset purchase requests.,Non ITO
Automate the export of asset data to Power BI for advanced data visualization and reporting.,Non ITO
Automate the creation of dashboards to display key asset metrics in real-time.,Non ITO
Automate real-time tracking of asset locations and conditions using sensors.,Non ITO
Automate the addition of hardware and software assets into the spreadsheet by importing data from external sources like CSV or databases.,Non ITO
"Create scripts to update asset details (e.g., location, condition, or owner) on a scheduled basis.",Non ITO
Automate the scheduling of maintenance tasks for hardware and software assets based on usage or time intervals.,Non ITO
Automate the integration of asset data with service desk tools to streamline ticket resolution.,Non ITO
Automate the process of transferring asset ownership between departments or users.,Non ITO
Automate reminders for warranty expiration dates for registered hardware assets.,Non ITO
Automate the creation of visual hierarchies for assets based on categories or ownership.,Non ITO
Automate the calculation of return on investment (ROI) for high-value hardware and software assets.,Non ITO
Automate risk assessment processes for hardware and software assets to identify critical issues before they occur.,Non ITO
Automate the generation of performance reports to analyze hardware and software efficiency and productivity.,Non ITO
Automate the allocation of hardware and software assets to optimize utilization and reduce idle time.,Non ITO
"Automate the tracking of leased hardware assets, including lease terms and renewal notifications.",Non ITO
"Automate the reporting process for asset incidents, such as theft or damage.",Non ITO
Automate the management of custom fields required for specific hardware or software asset types.,Non ITO
Automate budget tracking to ensure that asset-related expenses stay within approved limits.,Non ITO
Automate the creation and approval process for hardware and software purchase requests.,Non ITO
Sync IoT devices with the spreadsheet for real-time hardware condition and location monitoring.,Non ITO
Automate the export of asset data to Power BI for advanced data visualization and reporting.,Non ITO
Automate the process of checking in and out hardware assets to employees or departments.,Non ITO
"Automate tracking of loaned hardware assets, including due dates and borrower information.",Non ITO
Automate the creation of dashboards to display key asset metrics in real-time.,Non ITO
Automate real-time tracking of hardware locations and conditions using sensors.,Non ITO
"Create scripts to update asset details (e.g., location, condition, or owner) on a scheduled basis.",Non ITO
Automate the scheduling of maintenance tasks for assets based on usage or time intervals.,Non ITO
Automate the process of transferring asset ownership between departments or users.,Non ITO
Automate the allocation of assets to optimize utilization and reduce idle time.,Non ITO
"Automate the reporting process for asset incidents, such as theft or damage.",Non ITO
Automate budget tracking to ensure that asset-related expenses stay within approved limits.,Non ITO
Automate the creation and approval process for asset purchase requests.,Non ITO
Automate the export of asset data to Power BI for advanced data visualization and reporting.,Non ITO
Automate the creation of dashboards to display key asset metrics in real-time.,Non ITO
Automate real-time tracking of asset locations and conditions using sensors.,Non ITO
"Automate periodic updates of asset details, such as location, condition, and ownership.",Non ITO
Automate the scheduling of maintenance tasks for assets based on usage or time intervals.,Non ITO
Automate the integration of asset data with the service desk to streamline ticket resolution.,Non ITO
Automate the process of transferring asset ownership between departments or users.,Non ITO
Automate the creation of visual hierarchies for assets based on categories or ownership.,Non ITO
Automate the allocation of assets to optimize utilization and reduce idle time.,Non ITO
"Automate the reporting process for asset incidents, such as theft or damage.",Non ITO
Automate budget tracking to ensure that asset-related expenses stay within approved limits.,Non ITO
Automate the creation and approval process for asset purchase requests.,Non ITO
Automate the export of asset data to Power BI for advanced data visualization and reporting.,Non ITO
Automate the creation of dashboards to display key asset metrics in real-time.,Non ITO
Automate real-time tracking of asset locations and conditions using sensors.,Non ITO
Integrate barcode scanning to automatically populate asset details into the Access database.,Non ITO
Create a script to import bulk asset data from external files or systems into the Access database.,Non ITO
Automate the process of transferring asset ownership between departments or individuals.,Non ITO
Sync asset data with customer relationship management (CRM) systems for better customer support.,Non ITO
"Automate the reporting of incidents involving assets, including damage or theft.",Non ITO
Automate workflows by integrating Access asset data with Zapier to trigger actions in other apps.,Non ITO
Sync Access asset data with SharePoint for centralized document and data management.,Non ITO
Automate the export of asset data to Tableau for advanced data visualization and reporting.,Non ITO
Automate the process of transferring asset ownership between departments or individuals.,Non ITO
Sync asset data with customer relationship management (CRM) systems for better customer support.,Non ITO
"Create scripts to update asset details (e.g., location, condition, or owner) on a scheduled basis.",Non ITO
Automate the scheduling of maintenance tasks for assets based on usage or time intervals.,Non ITO
Automate the process of transferring asset ownership between departments or users.,Non ITO
Automate the allocation of assets to optimize utilization and reduce idle time.,Non ITO
"Automate the reporting process for asset incidents, such as theft or damage.",Non ITO
Automate budget tracking to ensure that asset-related expenses stay within approved limits.,Non ITO
Automate the creation and approval process for asset purchase requests.,Non ITO
Automate the export of asset data to Power BI for advanced data visualization and reporting.,Non ITO
Automate the creation of dashboards to display key asset metrics in real-time.,Non ITO
Automate real-time tracking of asset locations and conditions using sensors.,Non ITO
Automate the process of transferring asset ownership between departments or individuals.,Non ITO
Sync asset data with customer relationship management (CRM) systems for better customer support.,Non ITO
"Automate incremental backups to capture only changed data since the last backup, optimizing storage space and backup time [\[2\]](https://www.reddit.com/r/software/comments/64bt1m/what_backup_solutions_do_you_recommend/#:~:text=The%20main%20features%20I%27m,once%20a%20month%20and).",Non ITO
"Script incremental backups to save only the files that have changed since the last backup, optimizing storage and time.",Non ITO
"Automate backups of development projects, including source code and configuration files.",Non ITO
Automate monitoring of backup status in real-time and generate reports for administrators.,Non ITO
"Automate incremental backups to save only the changes made since the last backup, optimizing storage and time.",Non ITO
Automate disk cloning for system migrations or hardware upgrades.,Non ITO
Automate backups for development environments to protect code and configurations.,Non ITO
"Script incremental backups to save only the changes made since the last backup, optimizing storage and time.",Non ITO
Automate real-time backups to ensure files are backed up immediately after changes are made.,Non ITO
"Automate backups of development projects, including source code and configuration files.",Non ITO
Automate monitoring of backup status in real-time and generate reports for administrators.,Non ITO
"Automate incremental backups to save only the changes made since the last backup, optimizing storage and time.",Non ITO
Automate disk cloning for system migrations or hardware upgrades.,Non ITO
Automate backups for development environments to protect code and configurations.,Non ITO
Automate disk cloning for system migrations or hardware upgrades.,Non ITO
"Automate backups for development environments to protect code, configurations, and databases.",Non ITO
Automate disk cloning to facilitate system migrations or hardware upgrades.,Non ITO
"Automate backups triggered by specific system events, such as logins, application launches, or file changes.",Non ITO
"Automate backups for application-specific data, such as CRM, ERP, or project management tools.",Non ITO
"Automate backups for development environments to protect code, configurations, and databases.",Non ITO
"Script incremental backups to save only the changes made since the last backup, optimizing storage and time.",Non ITO
"Automate backups of development projects, including source code and configuration files.",Non ITO
Automate monitoring of backup status in real-time and generate reports for administrators.,Non ITO
"Script incremental backups to save only the changes made since the last backup, optimizing storage and time.",Non ITO
"Automate backups of development projects, including source code and configuration files.",Non ITO
Automate monitoring of backup status in real-time and generate reports for administrators.,Non ITO
Automatically add tags to tasks based on keywords in the task title or description.,Non ITO
Assign tasks to specific team members based on keywords in the task title or description.,Non ITO
Notify team members when a comment is added to a task they are assigned to.,Non ITO
Automatically create sales lead tasks when new leads are added to a CRM or spreadsheet.,Non ITO
Notify team members when an attachment is added to a task.,Non ITO
Notify team members when a comment is added to a task they are assigned to.,Non ITO
Automatically calculate and populate SLA deadlines based on the date of submission and priority level.,Non ITO
Send automated alerts when a change request is nearing or has breached its SLA deadline.,Non ITO
"Automatically generate periodic reports of logged change requests, including their status, priority, and other key metrics.",Non ITO
"Automatically log all changes made to a change request, such as updates to priority, status, or description.",Non ITO
"Automatically flag duplicate change requests based on similar titles, descriptions, or requesters.",Non ITO
Automatically send reminders to approvers for pending change requests nearing SLA deadlines.,Non ITO
"Automatically flag and create emergency change requests based on specific triggers, such as system outages.",Non ITO
Automatically link change requests to related incidents in an ITSM tool.,Non ITO
Automatically tag or flag high-risk change requests for additional review.,Non ITO
Automatically categorize change requests based on keywords or predefined rules.,Non ITO
"Generate automated reports on change request metrics, such as status, priority, and resolution time.",Non ITO
Automate the tracking of historical changes made to a change request.,Non ITO
Automate the integration of change requests with CI/CD pipelines for seamless deployment.,Non ITO
Automate the detection of conflicts between multiple change requests.,Non ITO
Automate the generation of SLA compliance reports for change requests.,Non ITO
Automate the integration of change requests with monitoring tools to track post-implementation performance.,Non ITO
Automate the integration of change requests with asset management systems to track impacted assets.,Non ITO
Automate the generation of audit logs for all actions taken on a change request.,Non ITO
Automate the creation of change requests from incidents in an incident management system.,Non ITO
"Automatically add watchers to an issue based on its type, priority, or other fields.",Non ITO
Automatically create test cases when a new feature is added to a project.,Non ITO
Automatically update sprint details when issues are added or removed from the sprint.,Non ITO
Automatically create documentation tasks when a new feature is added to a project.,Non ITO
Send notifications to admins when a workflow error occurs.,Non ITO
Automatically create and link tasks when a new feature is added to a project.,Non ITO
"Automatically add team members to a specific Team based on their department, role, or project involvement.",Non ITO
Send notifications to the Team when a new member is added.,Non ITO
Automatically add external guests to a Team when they are invited to a project or discussion.,Non ITO
Notify Teams channels or users when expense reports are approved or rejected.,Non ITO
Automatically categorize change requests based on keywords or predefined rules.,Non ITO
"Generate automated reports on change request metrics, such as status, priority, and resolution time.",Non ITO
Automate the tracking of historical changes made to a change request.,Non ITO
Automate the integration of change requests with CI/CD pipelines for seamless deployment.,Non ITO
Automate the detection of conflicts between multiple change requests.,Non ITO
Automate the generation of SLA compliance reports for change requests.,Non ITO
Automate the integration of change requests with monitoring tools to track post-implementation performance.,Non ITO
Automate the integration of change requests with asset management systems to track impacted assets.,Non ITO
Automate the generation of audit logs for all actions taken on a change request.,Non ITO
Automate the creation of change requests from incidents in an incident management system.,Non ITO
"Automatically close incidents that have been in a ""Resolved"" state for a specified period.",Non ITO
Automatically set or update the priority of an incident based on its impact and urgency.,Non ITO
Suggest relevant knowledge articles to agents or end-users based on incident or request details.,Non ITO
Send automated notifications to specific teams when incidents are created in their queue.,Non ITO
"Automate the approval process for service catalog items, such as hardware or software requests.",Non ITO
"Automate the creation of change requests or incidents from tools like Jenkins, GitHub, or Azure DevOps.",Non ITO
Automatically create knowledge articles from resolved incidents or completed tasks.,Non ITO
Automate incident or task notifications to collaboration tools like Slack or Microsoft Teams.,Non ITO
Automate the tracking and reporting of incident resolution times for SLA compliance.,Non ITO
Send automated notifications to stakeholders when a major incident is declared.,Non ITO
Send automated notifications to users when the status of their incident is updated.,Non ITO
Automate the export of ServiceNow data to reporting tools like Tableau or Power BI for advanced analytics.,Non ITO
"Automatically update incident fields based on changes to other fields, such as updating the priority when the impact or urgency changes.",Non ITO
Automatically categorize change requests based on keywords or predefined rules using Smartsheet formulas.,Non ITO
Automate the identification and mapping of dependencies between change requests using linked sheets and reports.,Non ITO
Automate impact analysis for change requests by integrating with system data and generating reports.,Non ITO
"Generate automated reports on change request metrics, such as status, priority, and resolution time, using Smartsheet reports.",Non ITO
Automate the tracking of historical changes made to a change request using Smartsheet's activity log.,Non ITO
Automate the generation of a list of systems impacted by a change request using linked sheets and reports.,Non ITO
Automate the identification and mapping of stakeholders for a change request using Smartsheet forms and reports.,Non ITO
Automate the tracking and reporting of approval history for change requests using Smartsheet reports.,Non ITO
Automate the integration of change requests with CI/CD pipelines for seamless deployment.,Non ITO
Automate the detection of conflicts between multiple change requests using Smartsheet reports and conditional formatting.,Non ITO
Automate the generation of SLA compliance reports for change requests using Smartsheet reports.,Non ITO
Automate the integration of change requests with monitoring tools to track post-implementation performance.,Non ITO
Automate the integration of change requests with asset management systems to track impacted assets.,Non ITO
Automate the generation of audit logs for all actions taken on a change request using Smartsheet's activity log.,Non ITO
Automate the analysis of approval workflows to identify bottlenecks and inefficiencies using Smartsheet reports.,Non ITO
Automate the creation of change requests from incidents in an incident management system using Smartsheet forms.,Non ITO
Automate the reporting of SLA violations for change requests using Smartsheet reports.,Non ITO
Automate the optimization of approval workflows based on historical data using Smartsheet reports and analytics.,Non ITO
Automatically assign specific team members to newly created cards on a board based on predefined rules.,Non ITO
Automatically set due dates for new cards based on their creation date or a predefined workflow.,Non ITO
Automatically assign labels to cards based on the list they are added to or the keywords in their title or description.,Non ITO
Automatically add or update checklists on cards based on templates or predefined rules.,Non ITO
"Automatically sort cards in a list by due date, priority, or labels.",Non ITO
"Automatically move overdue cards to a specific ""Overdue"" list for better visibility.",Non ITO
Automatically copy cards to another board when they are moved to a specific list.,Non ITO
Automatically create sub-tasks as linked cards in another list or board.,Non ITO
"Automatically flag high-priority cards by changing their label or moving them to a ""High Priority"" list.",Non ITO
Move cards to a specific list when all items in a checklist are completed.,Non ITO
"Automatically reopen archived cards when a specific trigger is met (e.g., a comment is added).",Non ITO
Automatically create sales lead cards when new leads are added to a CRM or spreadsheet.,Non ITO
"Automatically move completed cards to an archived ""Completed"" list.",Non ITO
Add due dates to tasks in Asana to ensure timely completion of all deliverables.,Non ITO
Allocate tasks to specific team members with clear ownership and accountability.,Non ITO
"Add tags to tasks to categorize them by priority, type, or department.",Non ITO
Manage customer service tasks and resolutions using Asana boards.,Non ITO
"Track freelance project tasks, deadlines, and deliverables using Asana.",Non ITO
Upload and share project files directly within Basecamp for team collaboration.,Non ITO
Add due dates to to-do items in Basecamp to keep tasks on track.,Non ITO
Add due dates to tasks in ClickUp to keep projects on track and meet deadlines.,Non ITO
Monitor sales leads and opportunities through stages using ClickUp's sales pipeline boards.,Non ITO
Track photography project timelines and deliverables using ClickUp boards.,Non ITO
Use Google Sheets to work on spreadsheets collaboratively in real-time.,Non ITO
Control access to files and folders in Google Drive with advanced permission settings.,Non ITO
Seamlessly access and manage SharePoint files within Teams.,Non ITO
Use Monday.com boards to visually organize and manage project tasks with statuses and timelines.,Non ITO
Add due dates to tasks in Monday.com to ensure timely completion of all deliverables.,Non ITO
Monitor sales processes by creating pipeline stages and tracking leads through Monday.com boards.,Non ITO
Create dashboards in Monday.com to visualize key performance metrics and project statuses.,Non ITO
Use Monday.com dashboards to create visual representations of project data and team progress.,Non ITO
Track customer service requests and resolutions efficiently with Monday.com boards.,Non ITO
"Organize holiday party schedules, tasks, and budgets using Monday.com boards.",Non ITO
"Track freelance project tasks, deadlines, and deliverables using Monday.com.",Non ITO
Track and organize outreach project tasks and communication with Monday.com boards.,Non ITO
Use Notion boards to visually organize and track project tasks across different stages.,Non ITO
Assign and track team tasks in Notion with clear ownership and deadlines.,Non ITO
Track compliance-related tasks and documentation in a secure Notion workspace.,Non ITO
Create and share project roadmaps with stakeholders using Notion’s timeline view.,Non ITO
Manage photography project schedules and tasks with a Notion database.,Non ITO
Add external guests to specific channels for secure collaboration on shared projects.,Non ITO
Track and share bug reports in real-time with integration to tools like Bugzilla or Jira.,Non ITO
Use Slack to receive real-time updates and reports from analytics platforms like Google Analytics.,Non ITO
Share periodic reports automatically by integrating Slack with reporting tools.,Non ITO
Integrate Slack with social media monitoring tools to receive real-time mentions and updates.,Non ITO
Use Trello boards to visually organize and manage project tasks with lists and cards.,Non ITO
Add due dates to Trello cards to ensure tasks are completed on time.,Non ITO
Track freelance project tasks and deadlines with Trello boards for better organization.,Non ITO
Add dynamic fields like names or job titles to personalize emails.,Non ITO
Group recipients based on criteria like department or location for targeted communication.,Non ITO
Add tags to emails for better organization and easier retrieval.,Non ITO
"Generate reports on email volume, response rates, and resolution times.",Non ITO
Add notes to emails to provide additional context for team members.,Non ITO
Assign ownership of emails to specific team members for better accountability.,Non ITO
Analyze email trends over time to forecast workload and staffing needs.,Non ITO
Add tags to tickets for better organization and faster retrieval.,Non ITO
Receive alerts when multiple agents are working on the same ticket.,Non ITO
Add custom fields to tickets to capture additional information.,Non ITO
Add private notes to tickets for internal team communication.,Non ITO
Generate reports to ensure compliance with service level agreements.,Non ITO
Add tags to emails in Hiver to categorize and organize them for easy retrieval.,Non ITO
Add private notes to emails in Hiver to share context with your team without the recipient seeing them.,Non ITO
Access detailed activity logs in Hiver to track email actions and changes.,Non ITO
Add notes to emails in Hiver to provide additional context for team members.,Non ITO
Access detailed logs of email activities for transparency using Hiver.,Non ITO
Manage and track sales leads through the pipeline to ensure follow-ups and conversions.,Non ITO
Send targeted content to leads over time to guide them through the sales funnel.,Non ITO
Visualize and manage sales pipelines to track deal progress and close rates.,Non ITO
Set up email sequences to nurture leads and close deals faster.,Non ITO
Send real-time notifications to team members about lead or customer activities.,Non ITO
Forecast sales revenue based on pipeline data for better planning.,Non ITO
Access archived emails instantly using the tool’s advanced search functionality.,Non ITO
Directly link important emails to their corresponding project records for streamlined tracking.,Non ITO
Handle emails for multiple projects by creating specific filing systems for each project.,Non ITO
Add tags to emails to make them easily identifiable and retrievable later.,Non ITO
Ensure email security with built-in encryption and access control options.,Non ITO
Prevent unauthorized access to sensitive emails by assigning permissions and access controls.,Non ITO
Ensure seamless email access across multiple devices without data loss.,Non ITO
Provide auditors with access to email records for compliance and accountability checks.,Non ITO
Design custom forms to capture leads and grow your email list.,Non ITO
Add pre-built content blocks to quickly design professional-looking emails.,Non ITO
Add personalized elements like names or purchase history in your emails.,Non ITO
Add pop-up forms to your website to capture leads effectively.,Non ITO
Add tags to emails for customized sorting and easier retrieval.,Non ITO
Add replies directly within email threads to maintain context during conversations.,Non ITO
Sort and manage unread emails in a dedicated section for quick access.,Non ITO
Add attachments to emails by dragging and dropping files directly into Mailbird.,Non ITO
Add an extra layer of security with encryption for sensitive email conversations.,Non ITO
Sort emails based on sender or recipient time zones for better prioritization.,Non ITO
Add and manage iCloud email accounts seamlessly within Mailbird.,Non ITO
Add tags to emails for additional sorting and organization.,Non ITO
Automate the deployment of SSH keys and configuration of `sshd` settings for secure passwordless login across nodes.,Non ITO
Automate the setup and management of firewall rules using Ansible modules like `firewalld` or `ufw`.,Non ITO
"Automate the deployment of application code and configurations to development, staging, and production environments.",Non ITO
Automate the setup of DNS caching servers like dnsmasq or Unbound to optimize name resolution.,Non ITO
Automate the creation and management of network access control rules to restrict or allow traffic between specific subnets or servers.,Non ITO
Automate the deployment and management of hybrid cloud environments for workload distribution.,Non ITO
Automate the deployment and configuration of VPN servers for secure remote access to enterprise networks.,Non ITO
Automate the setup and configuration of API gateways for managing API traffic and implementing security controls.,Non ITO
Automate the deployment of service discovery tools like Consul or Zookeeper for dynamic service registration and discovery.,Non ITO
Automate the deployment of Apache or Nginx web servers on Linux systems with configuration and service startup.,Non ITO
Automate the generation and deployment of SSH keys across servers for secure and passwordless authentication.,Non ITO
Automate the configuration of firewall rules using tools like `iptables` or `ufw` to secure access to applications.,Non ITO
"Automate the setup of load balancers like HAProxy or AWS ELB, including routing rules and health checks.",Non ITO
"Automate the generation, renewal, and deployment of SSL certificates for secure communication.",Non ITO
"Automate the setup of application logging frameworks like ELK (Elasticsearch, Logstash, Kibana).",Non ITO
Automate the setup of proxy servers like Squid with caching and access control configurations.,Non ITO
Automate the setup of NTP or Chrony for time synchronization across servers.,Non ITO
"Automate the deployment of web applications, including code, assets, and configurations.",Non ITO
Automate the setup of alerting systems to notify administrators of critical issues.,Non ITO
Automate predefined incident response workflows to handle security or operational incidents.,Non ITO
Automate the setup of data encryption for databases or file systems.,Non ITO
Automate the setup of MFA for critical applications and systems for enhanced security.,Non ITO
Automate the setup of VPN access for secure remote connections.,Non ITO
Automate the deployment of code changes to production or staging environments.,Non ITO
Automate the configuration of network access control lists to restrict traffic.,Non ITO
Automate the generation and deployment of SSH keys across servers for secure passwordless authentication.,Non ITO
Automate the setup and management of DNS records using Chef recipes and APIs for DNS providers.,Non ITO
"Automate the deployment, renewal, and validation of SSL/TLS certificates for secure communication.",Non ITO
Automate the setup of NTP or Chrony for time synchronization across servers.,Non ITO
"Automate the deployment and configuration of load balancers like HAProxy, including backend server setup.",Non ITO
Automate the deployment of application code and configurations to multiple environments using Chef recipes.,Non ITO
Automate the setup of load testing tools like JMeter or Locust for performance testing of applications.,Non ITO
Automate the setup of forward or reverse proxy servers for secure internet access or routing.,Non ITO
Automate the setup of auto-scaling policies in cloud environments for dynamic resource allocation.,Non ITO
Automate the configuration of network access control lists (ACLs) to restrict or allow traffic based on rules.,Non ITO
Automate the deployment and configuration of VPN servers for secure remote access to systems.,Non ITO
Automate the deployment of service discovery tools like Consul or etcd for dynamic service registration and discovery.,Non ITO
Automate the identification and management of unused cloud resources to reduce operational costs.,Non ITO
Automate the configuration of VPN client access for secure connections to enterprise networks.,Non ITO
Automate the deployment and management of hybrid cloud setups for workload distribution.,Non ITO
Automate the setup and management of security groups to control inbound and outbound traffic.,Non ITO
Automate the provisioning of service discovery tools like Consul or AWS Cloud Map.,Non ITO
"Automate the setup of private networking resources, such as private endpoints and peering connections.",Non ITO
"Automate the deployment of Kubernetes add-ons like ingress controllers, logging, and monitoring tools.",Non ITO
Automate the provisioning of bastion hosts for secure access to private cloud resources.,Non ITO
"Automate the deployment of real-time monitoring solutions like Prometheus, Grafana, or CloudWatch.",Non ITO
Automate the creation of private DNS zones for internal name resolution.,Non ITO
Automate the setup of networking between multiple cloud providers.,Non ITO
Automate the provisioning of service catalogs for cloud resources to standardize deployments.,Non ITO
"Automate the setup of CI/CD environments, including build servers and artifact repositories.",Non ITO
Automate the provisioning of private endpoints for secure access to managed services.,Non ITO
Automate the setup of conditional access policies to restrict access to corporate resources based on device compliance.,Non ITO
Automate the deployment of VPN profiles to devices for secure remote access to corporate resources.,Non ITO
Automate the deployment of email profiles to devices for seamless access to corporate email accounts.,Non ITO
Automate the collection and reporting of device inventory data for asset management.,Non ITO
Automate the deployment of endpoint protection policies to secure devices against malware and other threats.,Non ITO
Automate the deployment of certificates to devices for secure authentication and encryption.,Non ITO
Automate the deployment of app protection policies to secure corporate data within applications.,Non ITO
Automate the setup of Windows Autopilot for zero-touch device provisioning.,Non ITO
Automate the deployment of encryption policies to secure data on devices.,Non ITO
Automate the deployment of lockout policies to protect devices from unauthorized access.,Non ITO
Automate the setup of compliance thresholds to define acceptable device configurations.,Non ITO
Automate the setup of notifications to inform users about compliance issues.,Non ITO
Automate the setup of compliance thresholds to define acceptable device configurations.,Non ITO
Automate the setup of notifications to inform users about compliance issues.,Non ITO
Automate the setup of compliance thresholds to define acceptable device configurations.,Non ITO
Automate the setup of notifications to inform users about compliance issues.,Non ITO
Automate the setup of compliance thresholds to define acceptable device configurations.,Non ITO
Automate the enforcement of device trust policies to ensure only trusted devices can access corporate resources.,Non ITO
Automate the provisioning of applications and resources based on group memberships.,Non ITO
Automate the management of privileged access for administrators and high-risk accounts.,Non ITO
Automate reminders for upcoming application subscription renewals to avoid service interruptions.,Non ITO
Automate the configuration of firewall rules to secure systems using modules like `puppetlabs/firewall`.,Non ITO
"Automate the deployment, renewal, and validation of SSL certificates for secure communication.",Non ITO
Automate the configuration of NTP servers for time synchronization across nodes.,Non ITO
Automate the deployment of application code and configurations to multiple environments.,Non ITO
Automate the deployment and configuration of proxy servers like Squid or Nginx for caching and access control.,Non ITO
"Automate the setup of monitoring tools like Prometheus, Nagios, or Zabbix to track system health.",Non ITO
"Automate periodic backups of databases, file systems, and application data, and store them in secure locations.",Non ITO
Automate the setup of auto-scaling policies in cloud environments for dynamic resource allocation.,Non ITO
Automate the deployment of VPN access for secure remote connections to servers.,Non ITO
Automate the configuration and enforcement of network Access Control Lists (ACLs) for enhanced security.,Non ITO
"Automate the setup of data encryption for databases, file systems, and application data.",Non ITO
"Automate the generation of compliance reports for audits, including access certifications and policy enforcement logs.",Non ITO
Automate the enforcement of device trust policies to ensure only trusted devices can access corporate resources.,Non ITO
Automate the provisioning of applications and resources based on group memberships.,Non ITO
Automate the review of privileged access to ensure compliance with security policies.,Non ITO
Automate reminders for upcoming application subscription renewals to avoid service interruptions.,Non ITO
Automate the setup of SNMP polling to collect performance data from network devices.,Non ITO
Automate the setup of NetFlow to analyze network traffic patterns and detect anomalies.,Non ITO
"Automate the monitoring of wireless access points and clients to track signal strength, bandwidth usage, and connectivity.",Non ITO
"Automate the monitoring of hardware components like fans, power supplies, and temperature sensors.",Non ITO
Automate the setup of failover mechanisms to ensure high availability for critical systems.,Non ITO
Automate the tracking of wireless access points for performance and client connectivity.,Non ITO
Automate the tracking of Storage Area Network (SAN) performance metrics like throughput and latency.,Non ITO
Automate the deprovisioning of SaaS applications for employees who leave the organization to ensure security.,Non ITO
Automatically assign incidents to the appropriate support team based on predefined rules such as category or priority.,Non ITO
"Automatically close incidents that have been in the ""Resolved"" state for a specified number of days.",Non ITO
Automatically escalate incidents that exceed SLA time to higher-level support teams or managers.,Non ITO
Automatically set incident priority based on keywords in the description or the reporter's profile.,Non ITO
Automatically notify users when their incident status or priority changes.,Non ITO
Automatically reopen incidents when a user responds to a closed or resolved incident.,Non ITO
Automatically send customer satisfaction surveys to users after their incidents are resolved.,Non ITO
Automatically categorize incidents based on keywords in the description or predefined rules.,Non ITO
Automatically notify all impacted users and stakeholders when a major incident is logged.,Non ITO
Automatically track and report agent workloads to ensure balanced ticket distribution.,Non ITO
Automatically archive incidents that have been resolved or closed for a specified timeframe.,Non ITO
Automatically identify and resolve duplicate incidents by linking them to the primary incident.,Non ITO
Send real-time notifications to stakeholders when an incident is escalated.,Non ITO
"Automatically close incidents if the user does not respond within a set period after the status changes to ""Waiting for Customer.""",Non ITO
"Automate the creation of daily reports summarizing incident creation, resolution, and pending issues.",Non ITO
"Add relevant tags to incidents automatically for easier categorization, tracking, and reporting.",Non ITO
Automatically create knowledge base articles from resolved incidents to document frequently asked questions or solutions.,Non ITO
"Automatically generate onboarding tasks for new employees, such as setting up accounts or provisioning hardware.",Non ITO
Send alerts when specific incident categories receive a high volume of requests in a short period.,Non ITO
Automatically update an incident's status when its dependent tasks or subtasks are completed.,Non ITO
"Automate the creation of dashboards summarizing key metrics for the month, such as incident volume, resolution time, and SLA adherence.",Non ITO
Categorize change requests automatically based on keywords or related services.,Non ITO
Notify all stakeholders when a major incident is resolved and provide a summary of the resolution.,Non ITO
Automatically generate incidents for customer requests or complaints received through integrated social media platforms.,Non ITO
Automatically notify users when an agent is assigned to their incident.,Non ITO
Automatically link incidents that are related to the same root cause for better incident management.,Non ITO
Automate the analysis of incident trends over time and generate reports for insights.,Non ITO
Send alerts to security teams when an unauthorized access attempt is detected in the system.,Non ITO
Automatically notify managers when SLA timers are reset due to incident status changes.,Non ITO
"Close incidents automatically after a set number of days in the ""Resolved"" state.",Non ITO
Automatically assign priorities to incidents based on keywords in the request or predefined conditions.,Non ITO
Send automated notifications to users when the status or priority of their incident is updated.,Non ITO
Automatically reopen incidents when a user responds after the incident is marked as resolved.,Non ITO
Automatically send alerts to specific teams or managers when a high-priority incident is created.,Non ITO
Automatically send customer satisfaction surveys after incidents are resolved.,Non ITO
Automatically notify all impacted users and stakeholders when a major incident is logged.,Non ITO
Automatically archive incidents that have been resolved or closed for a specified time.,Non ITO
Automatically detect and resolve duplicate incidents by linking them to the original incident.,Non ITO
Send alerts to stakeholders when an incident is escalated.,Non ITO
Automatically close incidents if users fail to respond within a predetermined period.,Non ITO
"Automatically generate daily reports summarizing the number of incidents logged, resolved, and pending.",Non ITO
Automatically route incidents to specific technician groups based on the issue type or service category.,Non ITO
Automatically tag incidents with relevant labels for easier reporting and analysis.,Non ITO
Automatically create knowledge base articles from resolved incidents to document commonly resolved issues.,Non ITO
"Automatically generate onboarding tasks for new hires, such as setting up accounts or provisioning hardware.",Non ITO
"Automatically create visual dashboards summarizing incident trends, SLA compliance, and resolution times.",Non ITO
Automatically assign categories to change requests based on keywords or predefined conditions.,Non ITO
"Notify stakeholders when a major incident is resolved, including a summary of the resolution process.",Non ITO
Automatically escalate incidents that receive negative customer satisfaction feedback.,Non ITO
Automatically notify users when a technician is assigned to their incident.,Non ITO
Automatically link incidents that are related to the same root cause for better incident management.,Non ITO
Automatically analyze incident trends over time and generate reports for actionable insights.,Non ITO
Automatically send alerts to security teams when unauthorized access attempts are detected.,Non ITO
Assign priority to tickets automatically based on keywords in the subject or description.,Non ITO
Send automated notifications to all affected users when a major incident is created.,Non ITO
Automatically assign tasks to employees based on their manager’s assignments and workload.,Non ITO
"Generate and send automated daily summary reports of all tickets logged, resolved, or pending.",Non ITO
Automatically block unauthorized changes by validating the change request against predefined rules.,Non ITO
Automatically create child tickets when a major incident is logged.,Non ITO
Automatically populate default values for specific fields when creating new records.,Non ITO
Generate automated reports on aging tickets grouped by priority and assignment group.,Non ITO
Automatically assign categories to service requests based on keywords or descriptions.,Non ITO
Send automated notifications when critical hardware failures are detected.,Non ITO
Automatically update user group memberships based on role or department changes.,Non ITO
Automate trend analysis on historical ticket data and generate reports.,Non ITO
Send alerts when unauthorized access attempts are detected in the system.,Non ITO
Automatically create dashboards summarizing ticket trends over time.,Non ITO
Automatically escalate tickets logged by VIP users to higher priority.,Non ITO
Automatically assign emergency change requests to the appropriate Change Advisory Board (CAB).,Non ITO
"Automatically set ticket priority based on keywords in the summary, description, or the reporter's profile.",Non ITO
Automatically notify all affected users and stakeholders when a major incident is logged.,Non ITO
Automatically track and report agent workloads to ensure balanced ticket distribution.,Non ITO
Send alerts to agents or managers when a ticket is submitted by a VIP user.,Non ITO
"Automate the creation of daily reports summarizing ticket creation, resolution, and pending issues.",Non ITO
"Add relevant tags to tickets automatically for easier categorization, tracking, and reporting.",Non ITO
"Automatically generate onboarding tasks for new employees, such as setting up accounts or provisioning hardware.",Non ITO
"Automate the creation of dashboards summarizing key metrics for the month, such as ticket volume, resolution time, and SLA adherence.",Non ITO
Categorize change requests automatically based on keywords or related services.,Non ITO
Notify all stakeholders when a major incident is resolved and provide a summary of the resolution.,Non ITO
Automatically link incidents that are related to the same root cause for better incident management.,Non ITO
Automate the analysis of incident trends over time and generate reports for insights.,Non ITO
Send alerts to security teams when an unauthorized access attempt is detected in the system.,Non ITO
Automatically assign ticket priorities based on keywords in the subject or description.,Non ITO
Automatically categorize tickets based on keywords in the ticket description or predefined rules.,Non ITO
Automatically notify all impacted users and stakeholders when a major incident is logged.,Non ITO
Automatically track and report technician workloads to ensure even distribution of tasks.,Non ITO
Send automated notifications to technicians when a ticket is submitted by a VIP user.,Non ITO
"Automate the creation of daily reports summarizing ticket activity, resolutions, and pending issues.",Non ITO
Automatically categorize change requests based on keywords or related services.,Non ITO
Automatically assign requests related to new hardware setup to the appropriate technicians.,Non ITO
Automate the analysis of ticket trends over time and generate reports for management.,Non ITO
Automatically alert security teams when unauthorized access attempts are detected in the system.,Non ITO
Send automated notifications to all stakeholders when a major incident is resolved.,Non ITO
Automatically assign incidents to the appropriate group based on predefined conditions such as priority and category.,Non ITO
Automatically close incidents after a set number of days in the resolved state.,Non ITO
"Automatically close incidents that are in a certain state (e.g., On Hold) for an extended period.",Non ITO
Create a knowledge article automatically when a resolved incident has new troubleshooting steps.,Non ITO
Automatically reopen incidents when users update them after resolution.,Non ITO
Send automated notifications to all affected users when a major incident is created.,Non ITO
Automatically assign tasks to employees based on their manager’s assignments and workload.,Non ITO
Generate and send automated SLA performance reports to stakeholders every week.,Non ITO
Automatically resolve low-priority incidents if no updates are recorded after a certain time period.,Non ITO
"Automate the generation of a daily summary report of all incidents logged, resolved, or pending.",Non ITO
Automatically block unauthorized changes by validating the change request against predefined rules.,Non ITO
Automatically standardize incident titles based on predefined templates.,Non ITO
Automatically create child incidents when a major incident is logged.,Non ITO
Automatically populate default values for specific fields when creating new records.,Non ITO
Generate automated reports on aging incidents grouped by priority and assignment group.,Non ITO
Automatically assign categories to service requests based on keywords or descriptions.,Non ITO
Send automated notifications when critical hardware failures are detected.,Non ITO
Automatically update user group memberships based on role or department changes.,Non ITO
Automate trend analysis on historical incident data and generate reports.,Non ITO
Send alerts when unauthorized access attempts are detected in the system.,Non ITO
Automatically create dashboards summarizing incident trends over time.,Non ITO
Automatically escalate incidents logged by VIP users to higher priority.,Non ITO
Automatically assign emergency change requests to the appropriate Change Advisory Board (CAB).,Non ITO
Automatically assign ticket priorities based on keywords in the subject or description.,Non ITO
Automatically categorize tickets based on keywords in the description or predefined rules.,Non ITO
Automatically notify all impacted users and stakeholders when a major incident is logged.,Non ITO
Track technician workloads automatically to ensure even distribution of tasks.,Non ITO
"Automate the creation of daily reports summarizing ticket activity, resolutions, and pending issues.",Non ITO
Automatically categorize change requests based on keywords or related services.,Non ITO
Automatically assign requests related to new hardware setup to the appropriate technicians.,Non ITO
Automate the analysis of ticket trends over time and generate reports for management.,Non ITO
Automatically alert security teams when unauthorized access attempts are detected in the system.,Non ITO
Send automated notifications to all stakeholders when a major incident is resolved.,Non ITO
Automatically set ticket priority based on keywords in the subject or description.,Non ITO
Automatically categorize tickets based on keywords in the ticket description or predefined rules.,Non ITO
Automatically notify all impacted users and stakeholders when a major incident is logged.,Non ITO
Automatically track and report technician workloads to ensure even distribution of tasks.,Non ITO
Send automated notifications to technicians when a ticket is submitted by a VIP user.,Non ITO
"Automate the creation of daily reports summarizing ticket activity, resolutions, and pending issues.",Non ITO
Automatically categorize change requests based on keywords or related services.,Non ITO
Automatically assign requests related to new hardware setup to the appropriate technicians.,Non ITO
Automate the analysis of ticket trends over time and generate reports for management.,Non ITO
Automatically alert security teams when unauthorized access attempts are detected in the system.,Non ITO
Send automated notifications to all stakeholders when a major incident is resolved.,Non ITO
Automatically assign ticket priorities based on keywords in the subject or description.,Non ITO
Automatically categorize tickets based on keywords in the description or predefined rules.,Non ITO
Automatically notify all impacted users and stakeholders when a major incident is logged.,Non ITO
Track technician workloads automatically to ensure even distribution of tasks.,Non ITO
"Automate the creation of daily reports summarizing ticket activity, resolutions, and pending issues.",Non ITO
Automatically categorize change requests based on keywords or related services.,Non ITO
Automatically assign requests related to new hardware setup to the appropriate technicians.,Non ITO
Automate the analysis of ticket trends over time and generate reports for management.,Non ITO
Automatically alert security teams when unauthorized access attempts are detected in the system.,Non ITO
Send automated notifications to all stakeholders when a major incident is resolved.,Non ITO
Automatically add relevant tags to tickets based on keywords in the ticket subject or description.,Non ITO
"Assign ticket priority automatically based on the customer's profile, keywords, or other custom rules.",Non ITO
Send automated notifications to agents and managers when a VIP customer submits a ticket.,Non ITO
Automatically convert customer emails sent to a support address into Zendesk tickets.,Non ITO
"Automate the generation of weekly reports summarizing ticket activity, resolutions, and performance metrics.",Non ITO
Automatically categorize tickets based on keywords in the subject or description.,Non ITO
Automate the creation of daily reports summarizing ticket activity and resolutions.,Non ITO
Automate the tracking and reporting of agent adherence to SLA policies.,Non ITO
Automatically notify management when a ticket is escalated multiple times.,Non ITO
Automatically tag tickets with product categories based on the ticket's subject or description.,Non ITO
Automatically send notifications to stakeholders when a major incident report is created.,Non ITO
Automatically filter records based on specific criteria and create filtered views for easy access.,Non ITO
Automatically validate data in records to ensure accuracy and consistency.,Non ITO
Automatically calculate lead scores based on engagement metrics or other data points.,Non ITO
Automatically route records through approval workflows based on specific conditions.,Non ITO
Automatically calculate and generate payroll reports based on employee data.,Non ITO
Automatically assign tasks to team members based on workload and expertise. This includes tracking task progress and sending reminders.,Non ITO
Automatically track and manage document versions across different repositories. This includes maintaining version history and change logs.,Non ITO
Automatically create an incident report when a new incident is logged via a form or task creation.,Non ITO
Automatically assign an incident owner based on the type or severity of the incident.,Non ITO
"Automatically set the priority of an incident (e.g., High, Medium, Low) based on predefined criteria.",Non ITO
Send automated notifications to stakeholders when a new incident report is created.,Non ITO
"Automatically update the status of an incident (e.g., ""In Progress,"" ""Resolved"") based on task completion or updates.",Non ITO
Automatically generate a summary of the incident report using ClickUp AI or custom fields.,Non ITO
"Automatically link related incident reports based on tags, keywords, or affected systems.",Non ITO
Automatically create subtasks for investigation steps when an incident report is logged.,Non ITO
Send automated alerts when an incident resolution exceeds the SLA deadline.,Non ITO
Automatically create tasks for post-incident reviews when an incident is resolved.,Non ITO
Automatically assign reviewers to incident reports based on their expertise or department.,Non ITO
Automatically calculate and update metrics like Mean Time to Resolve (MTTR) and incident frequency.,Non ITO
"Notify stakeholders when key fields in an incident report (e.g., status, priority) are updated.",Non ITO
Automatically apply a predefined template to new incident reports based on the incident type.,Non ITO
Automatically generate detailed incident reports for stakeholders using ClickUp Docs or custom fields.,Non ITO
Send notifications when an incident is escalated to a higher priority or management level.,Non ITO
Automatically log all communications related to an incident in the report.,Non ITO
Notify incident owners when a dependent task or incident is resolved.,Non ITO
Automatically analyze and generate reports on incident trends over time.,Non ITO
Automatically link relevant knowledge base articles to incident reports based on keywords or tags.,Non ITO
Notify team members when comments are added to an incident report.,Non ITO
Notify stakeholders when an incident is resolved and provide a summary of the resolution.,Non ITO
Automatically track and calculate costs associated with incident resolution.,Non ITO
Notify stakeholders when an incident is dependent on another task or incident.,Non ITO
Automatically generate checklists for incident investigation and resolution steps.,Non ITO
Automatically adjust incident deadlines based on changes to project timelines or dependencies.,Non ITO
Send periodic notifications about incident trends and patterns to relevant teams.,Non ITO
Automatically generate dashboards to visualize incident data and metrics.,Non ITO
Notify stakeholders when a resolved incident is reopened.,Non ITO
"Automatically generate incident report forms for specific use cases (e.g., IT, HR, Safety).",Non ITO
Notify approvers when an incident report requires their review or approval.,Non ITO
Automatically apply workflows to incident reports based on their type or severity.,Non ITO
Send alerts when incident resolution is delayed beyond the expected timeframe.,Non ITO
Automatically create heatmaps to visualize incident frequency and severity across departments or locations.,Non ITO
Notify team members when they are assigned to an incident report.,Non ITO
Automatically generate team-specific incident report templates for different departments.,Non ITO
Send automated reports on recurring incident trends to management.,Non ITO
Notify stakeholders when tasks related to an incident report are completed.,Non ITO
"Automatically populate dropdowns, checkboxes, or multiple-choice options in a form from a database or spreadsheet.",Non ITO
Automatically send Google Form links to a list of participants via email.,Non ITO
Automatically close a form after reaching a specific number of responses or a defined deadline.,Non ITO
Automatically generate summary reports from form responses and email them to stakeholders.,Non ITO
Automatically schedule reminder emails to participants who haven’t completed the form.,Non ITO
Automatically pre-fill form fields with data from a spreadsheet or database for specific users.,Non ITO
Automatically generate and email certificates of participation or achievement based on form responses.,Non ITO
Automatically notify admins if an error occurs in the form submission process or linked scripts.,Non ITO
Automatically generate unique IDs for each form submission and store them in the linked spreadsheet.,Non ITO
Automatically sort quiz results by score or respondent name in the linked spreadsheet.,Non ITO
Automatically send SMS notifications to respondents or admins based on specific form responses.,Non ITO
Automatically generate attendance certificates for events based on form submissions.,Non ITO
Automatically create JotForm forms using predefined templates or data from a database. This saves time when creating repetitive forms.,Non ITO
"Automatically populate dropdowns, checkboxes, or multiple-choice options in a form from a database or spreadsheet.",Non ITO
Automatically send form links to a list of recipients via email or SMS.,Non ITO
Automatically disable a form after reaching a specific number of submissions or a set deadline.,Non ITO
Automatically notify form owners or admins when a new submission is received.,Non ITO
Automatically generate summary reports from form responses and email them to stakeholders.,Non ITO
Automatically schedule reminder emails to participants who haven’t completed the form.,Non ITO
Automatically pre-fill form fields with data from a database or previous submissions.,Non ITO
Automatically generate and email certificates of participation or achievement based on form responses.,Non ITO
Automatically notify admins if an error occurs in the form submission process or linked scripts.,Non ITO
Automatically generate unique IDs for each form submission and store them in the linked database.,Non ITO
Automatically sort quiz results by score or respondent name in the linked spreadsheet.,Non ITO
Automatically send SMS notifications to respondents or admins based on specific form responses.,Non ITO
Automatically generate attendance certificates for events based on form submissions.,Non ITO
Automatically consolidate data from multiple sheets into a single summary sheet.,Non ITO
Automatically generate expense reports by categorizing and summarizing transaction data.,Non ITO
Automatically merge data from multiple Excel files into a single workbook.,Non ITO
"Automatically create incident records when alerts are received from security monitoring tools or SIEM systems. This automation ensures immediate documentation of potential security events [\[1\]](https://www.resolver.com/corporate-security-software/incident-management/#:~:text=Resolver%27s%20top%2Drated%20security%20incident,%26%20improve%20reporting%20by).",Non ITO
"Automatically route incidents to appropriate response teams based on incident type, severity, or affected systems. This ensures rapid response from the right team members.",Non ITO
Send automated notifications to relevant stakeholders when new incidents are created or when critical updates occur. This keeps all parties informed of incident status and progress.,Non ITO
"Automatically create initial response actions based on incident type and severity, including creating checklists and assigning initial tasks to responders.",Non ITO
"Automatically calculate and update risk scores based on incident details, impact assessments, and historical data [\[2\]](https://www.resolver.com/#:~:text=Resolver%27s%20Risk%20Intelligence%20platform,business%20impact%20within%20every).",Non ITO
Automatically generate incident reports and dashboards for different stakeholder groups based on predefined templates and schedules.,Non ITO
"Automatically create investigation tasks based on incident type and severity, including evidence collection and analysis steps.",Non ITO
Automatically calculate and update incident management metrics such as mean time to resolve (MTTR) and response effectiveness.,Non ITO
Automatically create post-incident review tasks and documentation requirements for resolved incidents that meet specific criteria.,Non ITO
Automatically update incident status based on task completion and response actions taken. This maintains accurate progress tracking.,Non ITO
"Automatically categorize incidents based on incident details, affected systems, and pattern matching with historical data.",Non ITO
"Automatically analyze incident trends and patterns to identify recurring issues or emerging threats [\[3\]](https://www.atlassian.com/incident-management/tools#:~:text=Explore%20the%20key%20features,incident%20response%20and%20seamless).",Non ITO
Automatically link relevant knowledge base articles and resolution guides based on incident categorization.,Non ITO
Automatically log all communications and updates related to an incident for audit and review purposes.,Non ITO
Automatically schedule incident review meetings based on incident severity and organizational policies.,Non ITO
Automatically create lessons learned documentation based on incident resolution data and post-incident reviews.,Non ITO
Automatically update affected asset status in CMDB or asset management systems based on incident impact.,Non ITO
Automatically generate recovery tasks based on incident type and affected systems.,Non ITO
Automatically track and calculate incident-related costs based on response efforts and business impact.,Non ITO
Automatically generate unique IDs for each safety incident report to ensure proper tracking and avoid duplication.,Non ITO
Automatically record the date and time when a safety incident report is created.,Non ITO
"Automatically categorize incidents (e.g., ""Slip and Fall,"" ""Equipment Failure"") based on keywords in the report description.",Non ITO
Send automated notifications to safety officers or managers when a new incident report is submitted.,Non ITO
Automatically create investigation tasks for safety officers when a new incident report is logged.,Non ITO
"Automatically assign priority levels (e.g., High, Medium, Low) to incidents based on severity or potential impact.",Non ITO
Automatically generate a summary of the incident report for quick review by stakeholders.,Non ITO
"Notify relevant stakeholders when key fields in an incident report (e.g., status, priority) are updated.",Non ITO
Automatically apply predefined templates to new incident reports based on the type of incident.,Non ITO
"Automatically calculate and update metrics like incident frequency, severity, and resolution time.",Non ITO
Send alerts when incident resolution exceeds predefined SLA deadlines.,Non ITO
Automatically create tasks for post-incident reviews when an incident is resolved.,Non ITO
Automatically assign reviewers to incident reports based on their expertise or department.,Non ITO
Send notifications when an incident is escalated to a higher priority or management level.,Non ITO
Automatically log all communications related to an incident in the report.,Non ITO
Automatically analyze and generate reports on incident trends over time.,Non ITO
Automatically link relevant knowledge base articles to incident reports based on keywords or tags.,Non ITO
Notify team members when comments are added to an incident report.,Non ITO
Notify stakeholders when an incident is resolved and provide a summary of the resolution.,Non ITO
Automatically track and calculate costs associated with incident resolution.,Non ITO
Notify stakeholders when an incident is dependent on another task or incident.,Non ITO
Automatically generate checklists for incident investigation and resolution steps.,Non ITO
Automatically adjust incident deadlines based on changes to project timelines or dependencies.,Non ITO
Send periodic notifications about incident trends and patterns to relevant teams.,Non ITO
Automatically generate dashboards to visualize incident data and metrics.,Non ITO
Notify stakeholders when a resolved incident is reopened.,Non ITO
"Automatically generate incident report forms for specific use cases (e.g., workplace safety, environmental hazards).",Non ITO
Notify approvers when an incident report requires their review or approval.,Non ITO
Automatically apply workflows to incident reports based on their type or severity.,Non ITO
Send alerts when incident resolution is delayed beyond the expected timeframe.,Non ITO
Automatically create heatmaps to visualize incident frequency and severity across departments or locations.,Non ITO
Notify team members when they are assigned to an incident report.,Non ITO
Automatically generate team-specific incident report templates for different departments.,Non ITO
Send automated reports on recurring incident trends to management.,Non ITO
Notify stakeholders when tasks related to an incident report are completed.,Non ITO
Automatically generate reports summarizing project progress and share them with stakeholders.,Non ITO
Automatically create linked records in related sheets when a new row is added.,Non ITO
Automatically update dashboards with real-time data from sheets and reports.,Non ITO
Automatically create and update risk logs based on project data and risk assessments.,Non ITO
Automatically calculate and generate payroll reports based on employee data.,Non ITO
Create detailed reports on ticket resolution times and agent performance in Freshdesk.,Non ITO
Add custom fields to tickets in Freshdesk to capture relevant information for specific use cases.,Non ITO
Generate reports on SLA breaches to improve ticket resolution processes in Freshdesk.,Non ITO
Add private notes to tickets for agent collaboration without revealing them to customers.,Non ITO
Automatically escalate VIP customer tickets for faster resolution using Freshdesk workflows.,Non ITO
Handle customer updates during service outages efficiently through Freshdesk tickets.,Non ITO
"Create in-depth reports on ticket trends, resolution times, and agent performance using HappyFox.",Non ITO
Notify customers about service outages and provide real-time updates using HappyFox.,Non ITO
Quickly escalate tickets related to service outages using HappyFox workflows.,Non ITO
Use HelpDesk analytics to create reports on customer satisfaction and service performance.,Non ITO
Add tags to tickets in HelpDesk to organize and search for them easily.,Non ITO
Add internal comments to tickets to collaborate with team members without the customer seeing.,Non ITO
Create automated weekly or monthly reports on ticket metrics using HelpDesk.,Non ITO
Ensure SLA compliance by tracking response and resolution times in HelpDesk.,Non ITO
Allow multiple agents to collaborate on a single ticket using HelpDesk’s shared features.,Non ITO
Handle customer reports and updates during service outages using HelpDesk tickets.,Non ITO
Track and ensure adherence to Service Level Agreements (SLAs) with Jira Service Management’s SLA tracking tools.,Non ITO
Use the Jira Service Management CMDB to manage and track configuration items and their relationships.,Non ITO
Track ongoing incidents in real time with updates and notifications using Jira Service Management.,Non ITO
Track the performance of IT services and generate reports using Jira Service Management dashboards.,Non ITO
Identify recurring issues and address root causes using Jira Service Management’s analytics tools.,Non ITO
Notify agents and managers when SLA deadlines are approaching or breached using Jira Service Management.,Non ITO
Build custom dashboards to track real-time metrics and KPIs in Jira Service Management.,Non ITO
Send automated updates to users during service outages using Jira Service Management’s incident tools.,Non ITO
Track the health and performance of IT systems with Jira Service Management’s monitoring tools.,Non ITO
Track compliance-related activities and documentation securely in Jira Service Management.,Non ITO
Generate SLA compliance reports for performance tracking in Jira Service Management.,Non ITO
Analyze the impact of incidents on business operations using Jira Service Management’s reporting tools.,Non ITO
Create detailed reports on IT service performance using Jira Service Management dashboards.,Non ITO
Allow multiple agents to collaborate on resolving complex tickets in Jira Service Management.,Non ITO
Quickly escalate critical incidents to senior teams using Jira Service Management workflows.,Non ITO
Update users on service outage statuses through automated notifications in Jira Service Management.,Non ITO
Track the performance and health of cloud systems using Jira Service Management’s monitoring tools.,Non ITO
Prioritize and track VIP customer requests using Jira Service Management’s ticketing tools.,Non ITO
Prioritize incidents automatically based on severity or impact using Jira Service Management.,Non ITO
Log and track contract renewal tasks and deadlines using Jira Service Management.,Non ITO
Support multiple brands or departments with centralized ticketing in Jira Service Management.,Non ITO
Generate compliance audit reports to ensure adherence to regulations using Jira Service Management.,Non ITO
"Manage the lifecycle of IT hardware assets, from procurement to decommissioning, using Jira Service Management.",Non ITO
Track the health of IT services in real time using Jira Service Management’s dashboards and alerts.,Non ITO
Keep service catalogs up to date automatically with Jira Service Management’s automation features.,Non ITO
Prepare for compliance audits by tracking necessary documentation and tasks in Jira Service Management.,Non ITO
Automatically tag tickets based on keywords or categories using Jira Service Management’s automation rules.,Non ITO
Ensure SLA compliance by monitoring ticket response and resolution times using Kayako.,Non ITO
Identify and address ticket backlogs with Kayako's reporting and analytics tools.,Non ITO
Send proactive updates to customers about outages or service changes using Kayako.,Non ITO
Add tags to tickets for easy categorization and filtering in Kayako.,Non ITO
"Create detailed reports on ticket trends, agent performance, and customer satisfaction using Kayako.",Non ITO
Notify customers about service outages and progress updates using Kayako.,Non ITO
Create dashboards to view real-time service performance metrics using Kayako.,Non ITO
Track and ensure adherence to Service Level Agreements (SLAs) with Microsoft Dynamics 365 Customer Service’s SLA tracking tools.,Non ITO
"Manage and track IT assets, including hardware and software, using Microsoft Dynamics 365 Customer Service’s asset management module.",Non ITO
Use Microsoft Dynamics 365 Customer Service to manage and track configuration items and their relationships.,Non ITO
Track ongoing incidents in real time with updates and notifications using Microsoft Dynamics 365 Customer Service.,Non ITO
Track the performance of IT services and generate reports using Microsoft Dynamics 365 Customer Service dashboards.,Non ITO
Identify recurring issues and address root causes using Microsoft Dynamics 365 Customer Service’s analytics tools.,Non ITO
Notify agents and managers when SLA deadlines are approaching or breached using Microsoft Dynamics 365 Customer Service.,Non ITO
Track and manage periodic IT asset audits using Microsoft Dynamics 365 Customer Service’s asset management module.,Non ITO
Build custom dashboards to track real-time metrics and KPIs in Microsoft Dynamics 365 Customer Service.,Non ITO
Send automated updates to users during service outages using Microsoft Dynamics 365 Customer Service’s incident tools.,Non ITO
Track the health and performance of IT systems with Microsoft Dynamics 365 Customer Service’s monitoring tools.,Non ITO
Track compliance-related activities and documentation securely in Microsoft Dynamics 365 Customer Service.,Non ITO
Generate SLA compliance reports for performance tracking in Microsoft Dynamics 365 Customer Service.,Non ITO
Analyze the impact of incidents on business operations using Microsoft Dynamics 365 Customer Service’s reporting tools.,Non ITO
Create detailed reports on IT service performance using Microsoft Dynamics 365 Customer Service dashboards.,Non ITO
Allow multiple agents to collaborate on resolving complex tickets in Microsoft Dynamics 365 Customer Service.,Non ITO
Update users on service outage statuses through automated notifications in Microsoft Dynamics 365 Customer Service.,Non ITO
Track the performance and health of cloud systems using Microsoft Dynamics 365 Customer Service’s monitoring tools.,Non ITO
Combine duplicate tickets into a single thread for streamlined resolution in Microsoft Dynamics 365 Customer Service.,Non ITO
Notify customers about service outages and provide real-time updates using Microsoft Dynamics 365 Customer Service.,Non ITO
Send automated reminders to agents to ensure SLA compliance using Microsoft Dynamics 365 Customer Service notifications.,Non ITO
"Create automated workflows for incident logging, routing, and resolution in ServiceNow.",Non ITO
Track and ensure adherence to Service Level Agreements (SLAs) with ServiceNow’s SLA tracking tools.,Non ITO
Track ongoing incidents in real time with updates and notifications using ServiceNow.,Non ITO
Build custom dashboards to track real-time metrics and KPIs in ServiceNow.,Non ITO
Send automated updates to users during service outages using ServiceNow’s incident tools.,Non ITO
Update users on service outage statuses through automated notifications in ServiceNow.,Non ITO
Log and track contract renewal tasks and deadlines using ServiceNow.,Non ITO
Notify users about service outages and provide real-time updates using Spiceworks.,Non ITO
Combine duplicate tickets into a single thread for streamlined resolution in Spiceworks.,Non ITO
Notify users about service outages and provide real-time updates using Spiceworks.,Non ITO
"Generate in-depth reports on ticket trends, agent performance, and IT service metrics using Spiceworks.",Non ITO
Set role-based access controls in Zendesk to ensure data security and restricted access.,Non ITO
Add custom fields to tickets in Zendesk to capture relevant data for specific use cases.,Non ITO
Add internal notes to tickets in Zendesk for effective agent collaboration without customer visibility.,Non ITO
Track and ensure adherence to Service Level Agreements (SLAs) with Zoho Desk’s SLA tracking tools.,Non ITO
Track ongoing incidents in real time with updates and notifications using Zoho Desk.,Non ITO
Build custom dashboards to track real-time metrics and KPIs in Zoho Desk.,Non ITO
Send automated updates to users during service outages using Zoho Desk’s incident tools.,Non ITO
Update users on service outage statuses through automated notifications in Zoho Desk.,Non ITO
Log and track contract renewal tasks and deadlines using Zoho Desk.,Non ITO
Combine duplicate tickets into a single thread for streamlined resolution in Zoho Desk.,Non ITO
Notify customers about service outages and provide real-time updates using Zoho Desk.,Non ITO
Automate the mapping of service dependencies to visualize relationships between services and components.,Non ITO
"Automate the setup of error rate monitoring for critical transactions and services, enabling proactive detection of issues.",Non ITO
Automate real-time monitoring of application performance to identify bottlenecks and slowdowns quickly.,Non ITO
Automate the addition of deployment markers to correlate performance changes with new code releases.,Non ITO
Use scripts to generate and distribute performance and error trend reports to stakeholders automatically.,Non ITO
Use scripts to analyze performance trends over time and identify areas for optimization.,Non ITO
Automate allocation of application resources based on performance trends and real-time monitoring data.,Non ITO
Automate forwarding of logs from applications to APM Insight for centralized error and performance tracking.,Non ITO
Remove resolved or obsolete errors automatically to maintain clean dashboards and improve visibility of active issues.,Non ITO
Automate updates to health dashboards dynamically as new metrics or services are added.,Non ITO
"Generate incident reports automatically, including root cause analysis, affected components, and resolution steps.",Non ITO
Automate scaling of applications based on real-time performance metrics and predefined thresholds.,Non ITO
"Correlate events across logs, metrics, and transactions automatically for better incident visibility.",Non ITO
"Automate root cause identification by correlating transactions, metrics, and error logs across multiple services.",Non ITO
"Test alert workflows automatically to ensure proper routing, notification, and escalation of incidents.",Non ITO
Generate error budget reports automatically and distribute them to stakeholders to track reliability goals.,Non ITO
Add deployment markers automatically to correlate application changes with,Non ITO
Script the generation of service dependency maps to visualize component interactions.,Non ITO
Automate the setup of error rate monitoring for critical transactions or services.,Non ITO
Add deployment markers automatically to correlate performance changes with software releases.,Non ITO
Use scripts to automate the setup of database performance monitoring for query optimization.,Non ITO
Group related alerts automatically to reduce noise and focus on critical incidents.,Non ITO
Forward logs automatically to external systems for centralized management and analysis.,Non ITO
"Script the management of applications, tiers, and nodes to keep inventory up to date.",Non ITO
Script updates to synthetic tests as application endpoints or APIs change.,Non ITO
Automate real-time performance analysis using AppDynamics APIs and custom scripts.,Non ITO
Script dynamic resource allocation for applications based on real-time performance data.,Non ITO
De-duplicate alerts automatically to avoid redundant notifications and improve incident response.,Non ITO
Use scripts to integrate Datadog alerts with incident management tools like PagerDuty or Slack for streamlined communication.,Non ITO
Automate the setup of anomaly detection monitors to identify unusual patterns in metrics.,Non ITO
"Use scripts to map service dependencies automatically, providing better visibility into application architecture.",Non ITO
Use scripts to submit custom metrics to Datadog for monitoring non-standard data points.,Non ITO
Automate the update or removal of synthetic tests as application endpoints change.,Non ITO
Update dashboards automatically as new metrics or services are added.,Non ITO
Anonymize sensitive data in logs automatically to comply with privacy regulations.,Non ITO
Group related alerts automatically to reduce noise and improve incident response.,Non ITO
Backup logs automatically to ensure data availability and compliance.,Non ITO
Query logs automatically to extract specific data or insights.,Non ITO
De-duplicate alerts automatically to reduce noise and improve incident response.,Non ITO
Parse logs automatically to extract meaningful data for analysis.,Non ITO
Group related alerts automatically to reduce noise and improve incident response.,Non ITO
Script the configuration of automated problem detection to identify anomalies and deviations in real time.,Non ITO
Group related alerts automatically to reduce noise and focus on high-priority incidents.,Non ITO
Add deployment markers automatically to correlate performance changes with software deployments.,Non ITO
Script updates to synthetic tests as application endpoints or APIs change.,Non ITO
Use scripts to analyze service dependencies and visualize application architecture.,Non ITO
Script real-time analysis of application performance to identify bottlenecks and issues.,Non ITO
Script the automated management of application and service inventory using the API.,Non ITO
Resolve problems automatically using predefined workflows or remediation scripts triggered by Dynatrace.,Non ITO
Use scripts to dynamically allocate resources to applications based on real-time performance data.,Non ITO
Discover and onboard new applications automatically for monitoring in Dynatrace.,Non ITO
Track error budgets automatically for services to ensure reliability standards are met.,Non ITO
Update health dashboards automatically as new metrics or services are added.,Non ITO
Use scripts to audit incident history and ensure compliance with response standards.,Non ITO
"Enforce data retention policies automatically for metrics, logs, and events.",Non ITO
Automatically map service dependencies to visualize the relationships between microservices and their interactions.,Non ITO
Automate the addition of deployment markers to correlate application performance changes with new code releases.,Non ITO
"Automate the setup of error rate monitoring for services, enabling proactive detection of issues.",Non ITO
Automate real-time monitoring of application performance to identify bottlenecks and issues quickly.,Non ITO
"Automate the testing of integrations with other tools such as PagerDuty, ServiceNow, or Slack to ensure seamless incident response workflows.",Non ITO
Automate updates to health rules for monitored services and applications as performance conditions change.,Non ITO
Automate updates to synthetic tests as new endpoints or APIs are added.,Non ITO
Automate updates to service health dashboards as new metrics or services are added.,Non ITO
"Correlate events across logs, metrics, and traces automatically for end-to-end visibility into incidents.",Non ITO
"Generate incident reports automatically, including details on root cause, affected services, and resolution actions.",Non ITO
"Automate the setup of thresholds and alerts for key performance indicators (KPIs) such as latency, error rates, and throughput.",Non ITO
Automatically map service dependencies to visualize the relationships and interactions between microservices.,Non ITO
Add deployment markers programmatically to correlate performance changes with application or infrastructure releases.,Non ITO
Automate the setup of synthetic monitoring to track the availability and performance of web applications and APIs.,Non ITO
Use scripts to group and suppress alerts during maintenance windows or for known issues to reduce alert fatigue.,Non ITO
Automate the setup of SLA monitoring for services and applications and generate compliance reports.,Non ITO
Automate the monitoring of error rates for critical services and trigger alerts when thresholds are breached.,Non ITO
"Use scripts to enable real-time performance monitoring for applications and services, identifying bottlenecks quickly.",Non ITO
"Automate testing of integrations with tools like PagerDuty, ServiceNow, or Slack to ensure smooth incident response workflows.",Non ITO
Automate updates to synthetic monitoring tests as endpoints or APIs change.,Non ITO
Automatically update service health dashboards as new metrics or services are added to Instana.,Non ITO
"Correlate events across services, logs, and metrics automatically for end-to-end visibility into incidents.",Non ITO
"Use scripts to generate incident reports automatically, including root cause analysis, affected services, and resolution actions.",Non ITO
"Automate the integration between New Relic and Jira for incident tracking and management. This enables automatic creation of Jira tickets based on New Relic alerts [\[7\]](https://www.apmdigest.com/new-relic-and-atlassian-introduce-observability-integration-for-incidents-tab-in-jira#:~:text=New%20Relic%20announced%20a,to%20track%20incidents%20in).",Non ITO
"Automate the installation and configuration of APM agents across applications in your CI/CD pipeline [\[9\]](https://newrelic.com/blog/best-practices/best-practices-automating-monitoring#:~:text=%2D%20Use%20APIs%20and,DSLs%20for%20dashboarding%20and).",Non ITO
"Automate the creation of deployment markers in New Relic for better correlation of changes with performance impacts [\[15\]](https://github.com/newrelic/newrelic-cli#:~:text=The%20New%20Relic%20CLI,part%20of%20the%20Developer).",Non ITO
Automate the setup of error rate monitoring and alerting across different services and applications.,Non ITO
Script automated incident response workflows including notification and escalation procedures [\[10\]](https://newrelic.com/platform/applied-intelligence/features#:~:text=Easy%20Integration%20With%20Incident%20Management).,Non ITO
"Script the integration between performance testing tools and New Relic monitoring [\[17\]](https://help.blazemeter.com/docs/answers/answers-integration-new-relic-reporting.html#:~:text=integration%20lets%20you%20view,this%20data%20after%20testing).",Non ITO
Script the generation of service level reports for compliance and stakeholder review.,Non ITO
"Script the setup of automated anomaly detection for application performance [\[11\]](https://www.frugaltesting.com/blog/new-relics-advanced-applied-intelligence-capabilities-for-modern-software-stack#:~:text=In%20contrast%2C%20AI%2Dpowered%20monitoring,role%20of%20AI%20in).",Non ITO
Script management of integration access permissions.,Non ITO
Script testing of alert policy configurations.,Non ITO
Script testing of integration configurations.,Non ITO
Script rotation of integration access permissions.,Non ITO
Script management of alert policy access.,Non ITO
Script testing of custom dashboard configurations.,Non ITO
Use scripts to create custom dashboards for visualizing error and performance metrics programmatically for consistent monitoring.,Non ITO
"Use scripts to group similar errors automatically, reducing the noise and improving issue tracking.",Non ITO
Automate the addition of deployment markers to correlate error spikes or performance changes with code deployments.,Non ITO
"Automate the monitoring of error rates for applications, enabling proactive detection and alerting of issues.",Non ITO
Automate real-time monitoring of application performance to identify bottlenecks and slow requests.,Non ITO
Automate the discovery and onboarding of services into Raygun for consistent error and performance monitoring.,Non ITO
Use scripts to generate error and performance reports automatically and share them with stakeholders.,Non ITO
Automatically adjust error thresholds based on historical patterns to reduce false positives and improve accuracy.,Non ITO
Use scripts to forward logs from applications to Raygun for centralized error and performance tracking.,Non ITO
Remove resolved or obsolete errors automatically to maintain clean dashboards and improve visibility of active issues.,Non ITO
Automate testing of error workflows to ensure proper routing and escalation of incidents.,Non ITO
Validate deployments automatically by comparing error rates and performance metrics to pre-deployment baselines.,Non ITO
Automate updates to synthetic tests as new endpoints or APIs are added.,Non ITO
"Use scripts to create custom error visualizations for analyzing trends, user impact, or error distributions.",Non ITO
"Correlate events across logs, metrics, and errors automatically for end-to-end visibility into incidents.",Non ITO
Generate error budget reports automatically and distribute them to stakeholders to track reliability goals.,Non ITO
Automate horizontal or vertical scaling of applications based on error rates and performance thresholds.,Non ITO
"Use scripts to define dynamic tagging rules for errors based on error type, affected users, or environments.",Non ITO
"Test alert workflows automatically to ensure proper routing, notification, and escalation of incidents.",Non ITO
Generate and distribute error trend reports automatically to stakeholders to track progress over time.,Non ITO
"Automate error tracking across multiple environments, such as production, staging, and development, for consistent monitoring.",Non ITO
Forward logs automatically from applications to Raygun for centralized error tracking and troubleshooting.,Non ITO
Automate the setup of alert thresholds for monitors to ensure timely notifications for critical issues.,Non ITO
"Automate the setup of monitors for cloud resources like AWS EC2, RDS, and ELBs across multiple accounts.",Non ITO
Script the automated management of application and service inventory using the API.,Non ITO
Resolve problems automatically using predefined workflows or remediation scripts triggered by Site24x7 alerts.,Non ITO
Use scripts to dynamically allocate resources to applications based on real-time performance data.,Non ITO
Discover and onboard new applications automatically for monitoring in Site24x7.,Non ITO
Track error budgets automatically for services to ensure reliability standards are met.,Non ITO
Update health dashboards automatically as new metrics or services are added.,Non ITO
Use scripts to audit incident history and ensure compliance with response standards.,Non ITO
"Enforce data retention policies automatically for metrics, logs, and events.",Non ITO
"Automate the setup of alerts for key performance indicators (KPIs) like latency, throughput, and error rates to ensure proactive monitoring.",Non ITO
Use scripts to automatically map service dependencies and visualize the relationships between microservices.,Non ITO
"Automate the tagging of services with metadata like environment, team ownership, or region for better organization.",Non ITO
Automate the addition of deployment markers to correlate performance changes with new code releases.,Non ITO
Automate the setup of SLA monitoring for services and generate reports to track compliance.,Non ITO
Automate the setup of error rate monitoring for services and detect issues in real time.,Non ITO
Use scripts to set up real-time performance monitoring to identify bottlenecks instantly.,Non ITO
Use scripts to trigger predefined remediation workflows when alerts are triggered.,Non ITO
"Automate the testing of integrations with third-party tools like PagerDuty, ServiceNow, or Jira to ensure seamless incident response workflows.",Non ITO
Remove unused or irrelevant metrics automatically to keep dashboards and alerts optimized.,Non ITO
Automate updates to synthetic tests as new endpoints or APIs are added.,Non ITO
Use scripts to automatically update service maps as new services are discovered or removed.,Non ITO
"Enforce data retention policies automatically for traces, logs, and metrics to comply with regulations.",Non ITO
Automate auditing of service dependencies to ensure accurate monitoring and visualization.,Non ITO
Correlate root causes across services automatically to improve incident resolution times.,Non ITO
Automate updates to service health dashboards as new metrics or services are added.,Non ITO
Automate escalation rules dynamically based on incident severity or duration.,Non ITO
"Correlate events across logs, metrics, and traces automatically for end-to-end visibility.",Non ITO
Automatically generate and share project status reports with stakeholders on a recurring schedule.,Non ITO
Assign tasks to specific team members based on keywords in the task title or description.,Non ITO
Automatically adjust task deadlines based on changes to project timelines or dependencies.,Non ITO
Notify team members when a comment is added to a task they are assigned to.,Non ITO
Automatically create sales lead tasks when new leads are added to a CRM or spreadsheet.,Non ITO
Notify team members when an attachment is added to a task.,Non ITO
Notify team members when a comment is added to a task they are assigned to.,Non ITO
Automate incident creation in tools such as PagerDuty or Slack when alerts are triggered.,Non ITO
Track SLA performance trends over time to identify risks and ensure compliance.,Non ITO
Filter and group related alerts to reduce noise and improve incident resolution time.,Non ITO
Alert for resource throttling scenarios in cloud environments.,Non ITO
Automatically adjust alert thresholds based on historical performance data.,Non ITO
Automate incident creation in tools like PagerDuty or Slack when alerts are triggered.,Non ITO
Create incident tickets automatically in ticketing systems like Jira or ServiceNow when alerts are triggered.,Non ITO
Detect and alert for resource throttling scenarios in cloud environments.,Non ITO
Group related alerts automatically to reduce noise and improve incident management.,Non ITO
Automate the monitoring of log files for specific error patterns or anomalies.,Non ITO
Track firewall activity and detect unauthorized access attempts.,Non ITO
"Track printer status, ink levels, and paper jams.",Non ITO
"Track web server performance, including request processing times and error rates.",Non ITO
"Generate automated reports on hardware inventory, including specifications and status.",Non ITO
Detect SSL/TLS vulnerabilities and ensure secure configurations.,Non ITO
Integrate with ticketing systems to create incident tickets automatically for critical alerts.,Non ITO
Automate incident creation in tools such as PagerDuty or Slack when alerts are triggered.,Non ITO
Track SLA performance trends over time to identify risks and ensure compliance.,Non ITO
Filter and group related alerts to reduce noise and improve incident resolution time.,Non ITO
Track the command-line arguments used by processes to identify suspicious activity.,Non ITO
Track the handles opened by processes to identify resource leaks or unauthorized access.,Non ITO
"Track Windows Event Logs for specific error events or patterns, and send alerts.",Non ITO
"Generate automated reports on hardware inventory, including specifications and health.",Non ITO
Automate the monitoring of log files for specific error patterns or anomalies.,Non ITO
Track firewall activity and detect unauthorized access attempts.,Non ITO
"Track printer status, ink levels, and paper jams.",Non ITO
"Track web server performance, including request processing times and error rates.",Non ITO
"Generate automated reports on hardware inventory, including specifications and status.",Non ITO
Detect SSL/TLS vulnerabilities and ensure secure configurations.,Non ITO
Track security logs to detect unauthorized access attempts or suspicious activity.,Non ITO
Automate the refresh of dashboards with real-time data for instant insights.,Non ITO
Analyze firewall logs to detect unauthorized access attempts and analyze traffic patterns.,Non ITO
Automate the creation of incident tickets in systems like Jira or ServiceNow based on Splunk alerts.,Non ITO
Analyze backup logs to ensure backups complete successfully and trigger alerts for failures.,Non ITO
Filter and group related alerts to reduce noise and improve incident response efficiency.,Non ITO
Automatically create incident tickets in systems like Jira or ServiceNow based on Splunk alerts.,Non ITO
Track system event logs and trigger actions based on specific events or error codes.,Non ITO
"Track printer usage, errors, or paper jams and automate issue reporting.",Non ITO
Automate the analysis of error logs and send summarized reports.,Non ITO
Track DNS resolution times and availability.,Non ITO
Track the status of open ports and send alerts for unauthorized access attempts.,Non ITO
"Generate automated reports on hardware inventory, including specifications and status.",Non ITO
Automate the monitoring of log files for specific error patterns or anomalies.,Non ITO
Track firewall activity and detect unauthorized access attempts.,Non ITO
"Track printer status, ink levels, and paper jams.",Non ITO
"Track web server performance, including request processing times and error rates.",Non ITO
"Generate automated reports on hardware inventory, including specifications and status.",Non ITO
Detect SSL/TLS vulnerabilities and ensure secure configurations.,Non ITO
Integrate with ticketing systems to create incident tickets automatically for critical alerts.,Non ITO
Script to send real-time notifications about critical incidents or detected threats to administrators.,Non ITO
Enforce USB device policies by blocking unauthorized devices or restricting access to read-only mode.,Non ITO
Automate the execution of predefined incident response playbooks for specific threat types.,Non ITO
Verify the integrity of backups for endpoints and ensure they can be restored quickly after an incident.,Non ITO
Remotely wipe sensitive data from lost or stolen endpoints to prevent unauthorized access.,Non ITO
Enforce DNS filtering policies to block access to malicious or suspicious domains.,Non ITO
Identify potential insider threats by monitoring unusual activities or unauthorized access attempts.,Non ITO
Create a real-time heatmap of threats detected across all endpoints for quick risk assessment.,Non ITO
"Automatically assign risk scores to endpoints based on vulnerabilities, threat exposure, and compliance status.",Non ITO
Track incident response times and ensure adherence to Service Level Agreements (SLAs) by generating automated reports and notifications.,Non ITO
Track the physical and network location of endpoints and generate alerts for unauthorized movements or access attempts.,Non ITO
Enforce DNS filtering policies on endpoints to block access to malicious or suspicious domains.,Non ITO
Take automated snapshots of endpoint compliance status to track policy adherence over time.,Non ITO
Automate the updating of Avast Business Antivirus dashboards with real-time data and key metrics.,Non ITO
Script to send real-time notifications to administrators for critical security incidents.,Non ITO
"Script to execute predefined incident response playbooks for specific threats, such as malware or phishing attempts.",Non ITO
Develop a script to analyze threat trends over time and generate reports for proactive security strategies.,Non ITO
Create a script to update security dashboards with real-time insights and metrics.,Non ITO
Enforce secure file-sharing practices by monitoring and blocking unauthorized data transfers.,Non ITO
Track the location of endpoints and generate alerts for unauthorized movements or access attempts.,Non ITO
Automate the execution of predefined incident response playbooks for quick and consistent responses to security threats.,Non ITO
Develop a script to automate the recovery process of endpoints from secure backups after a security incident.,Non ITO
Automate the enforcement of network segmentation policies to minimize the spread of malware or unauthorized access.,Non ITO
Script to remotely lock devices to prevent unauthorized access in case of theft or loss.,Non ITO
Script to ensure all endpoints are configured to use a corporate VPN for secure communications.,Non ITO
"Script to manage and enforce policies for USB device usage, such as blocking unauthorized devices or enabling read-only access.",Non ITO
Script to integrate third-party threat feeds with GravityZone for real-time threat intelligence updates.,Non ITO
Automatically revoke access to corporate resources for devices that fail security checks or are compromised.,Non ITO
Script to enforce geo-blocking policies by restricting access to endpoints from certain geographic regions.,Non ITO
Automatically register new devices to ESET PROTECT and assign appropriate security policies and configurations.,Non ITO
Execute predefined incident response playbooks automatically when specific security events are detected.,Non ITO
Maintain an up-to-date inventory of all endpoints protected by ESET security solutions.,Non ITO
Manage and enforce access control policies across all endpoints automatically.,Non ITO
Script to enforce DNS filtering policies and block access to malicious domains.,Non ITO
Automatically collect forensic data from endpoints involved in security incidents.,Non ITO
"Detect insider threats by monitoring unusual activities, such as unauthorized access or privilege escalations.",Non ITO
Track the physical location of endpoints and generate alerts for unauthorized movements or access attempts.,Non ITO
Enforce network segmentation policies to isolate high-risk endpoints or limit access to sensitive resources.,Non ITO
Automatically update and enforce geo-blocking policies to restrict endpoint access from specific regions.,Non ITO
"Automatically calculate risk scores for endpoints based on their vulnerabilities, threat exposure, and compliance status.",Non ITO
Track and ensure adherence to incident resolution Service Level Agreements (SLAs) by automating notifications and escalations.,Non ITO
Automatically revoke access to corporate resources for endpoints flagged as non-compliant or compromised.,Non ITO
Automate the updating of ESET dashboards with real-time data and key performance indicators (KPIs).,Non ITO
Create a real-time heatmap of threat detections across all managed endpoints for quick risk assessment.,Non ITO
Script to send real-time notifications to administrators for critical security incidents.,Non ITO
"Script to execute predefined incident response playbooks for specific threats, such as malware or phishing attempts.",Non ITO
Develop a script to analyze threat trends over time and generate reports for proactive security strategies.,Non ITO
Create a script to update security dashboards with real-time insights and metrics.,Non ITO
Enforce secure file-sharing practices by monitoring and blocking unauthorized data transfers.,Non ITO
Track the physical location of endpoints and generate alerts for unauthorized access attempts from unknown locations.,Non ITO
"Manage encryption keys for endpoint devices, including rotation and secure storage.",Non ITO
Automate the execution of predefined incident response playbooks to standardize and expedite responses.,Non ITO
Script to remotely lock devices to prevent unauthorized access in case of theft or loss.,Non ITO
Script to enforce VPN usage by all endpoints to ensure secure and encrypted communications.,Non ITO
Enforce security policies for remote desktop access to ensure secure sessions and prevent unauthorized access.,Non ITO
Manage USB device policies to block or restrict unauthorized devices and enforce read-only permissions where required.,Non ITO
Automatically revoke device access to corporate resources for endpoints that fail security checks or are flagged as compromised.,Non ITO
"Detect potential insider threats by monitoring unusual behaviors, such as excessive file access or privilege escalations.",Non ITO
Enforce DNS filtering policies on endpoints to block access to malicious or suspicious domains.,Non ITO
Enforce geo-blocking policies by restricting access to endpoints from specific geographic regions.,Non ITO
Script to send real-time notifications to administrators about detected threats or incidents.,Non ITO
Enforce USB device policies by blocking unauthorized devices or limiting access to read-only mode.,Non ITO
Automate the execution of predefined incident response playbooks for common threat scenarios.,Non ITO
Verify the integrity of backups and ensure that endpoint data can be restored in case of an incident.,Non ITO
Automate the wiping of sensitive data from lost or stolen endpoints to prevent unauthorized access.,Non ITO
Enforce DNS filtering policies to block access to malicious or suspicious domains.,Non ITO
Detect insider threats by monitoring unauthorized access attempts or unusual endpoint behavior.,Non ITO
Generate a threat heatmap across all endpoints to visualize the risk levels and threat distribution in real-time.,Non ITO
Manage RBAC permissions for Malwarebytes Endpoint Protection to ensure users only have access to what they need.,Non ITO
Schedule automated backups of critical endpoint data for faster recovery after an incident.,Non ITO
Track the physical or network location of endpoints and generate alerts for unauthorized access attempts or movements.,Non ITO
Collect feedback from resolved incidents to improve detection rules and incident response strategies.,Non ITO
Take periodic snapshots of endpoint compliance status to track adherence to security policies over time.,Non ITO
Track incident response times and ensure adherence to Service Level Agreements (SLAs) by generating automated notifications and reports.,Non ITO
Automatically update the Malwarebytes Endpoint Protection dashboard with real-time data and metrics.,Non ITO
Enforce geo-blocking policies to restrict access to endpoints from specific geographic locations.,Non ITO
"Automate the process of registering new devices with McAfee Total Protection, including initial setup and policy application.",Non ITO
Develop automated incident response procedures for different types of security events detected by McAfee Total Protection.,Non ITO
Automate monitoring and reporting of device encryption status across the organization.,Non ITO
"Create automated security dashboards showing real-time security status and metrics [\[8\]](https://www.certlibrary.com/blog/mcafee-epo-essentials-the-complete-administrators-guide/#:~:text=Built%2Din%20reporting%20tools%20help,the%20needs%20of%20different).",Non ITO
Script to back up McAfee security configurations and policies to a secure location for disaster recovery purposes.,Non ITO
Create a script to analyze threat trends over time and generate insights for proactive security measures.,Non ITO
Script to back up sensitive files to a secure location and ensure backups are encrypted.,Non ITO
Script to enforce secure file transfer protocols for all data transfers within the organization.,Non ITO
Develop a script to send real-time notifications for security incidents to relevant stakeholders.,Non ITO
Develop a script to track the location of devices and generate alerts for unauthorized movements or access attempts.,Non ITO
Develop a script to synchronize sensitive files securely across devices while ensuring encryption during transfer.,Non ITO
"Script to manage encryption keys for devices, including rotation and secure storage.",Non ITO
Automatically register new devices to Sophos Central and assign them to appropriate policies and groups.,Non ITO
Script to send real-time notifications to administrators or security teams for critical security incidents.,Non ITO
"Script to execute predefined incident response playbooks for specific threat scenarios, such as ransomware attacks.",Non ITO
Automate the installation and configuration of Sophos Intercept X agents on new endpoints.,Non ITO
"Script to enforce policies for USB device usage, such as blocking unauthorized devices or enabling read-only access.",Non ITO
"Maintain an up-to-date inventory of all registered endpoints, including their security status and configurations.",Non ITO
Automate the restoration of endpoints from backups after a security incident or ransomware attack.,Non ITO
Enforce DNS filtering policies on endpoints to block access to malicious or suspicious domains.,Non ITO
Enforce geo-blocking policies to restrict access to endpoints from specific geographic regions.,Non ITO
"Automatically calculate risk scores for endpoints based on their vulnerabilities, threat exposure, and compliance status.",Non ITO
Track and ensure adherence to incident resolution Service Level Agreements (SLAs) by automating notifications and escalations.,Non ITO
Automatically revoke access to corporate resources for endpoints flagged as non-compliant or compromised.,Non ITO
Automate the updating of Sophos Central dashboards with real-time data and key performance indicators (KPIs).,Non ITO
Script to create a real-time heatmap of threat detections across all managed endpoints for quick risk assessment.,Non ITO
"Automate the detection of insider threats by monitoring for unusual activities, such as unauthorized access or privilege escalations.",Non ITO
Track the physical location of endpoints and generate alerts for unauthorized movements or access attempts.,Non ITO
Enforce network segmentation policies to isolate high-risk endpoints or limit access to sensitive resources.,Non ITO
Automatically update and enforce geo-blocking policies to restrict endpoint access from specific regions.,Non ITO
"Automatically track the lifecycle of endpoints, from deployment to retirement, ensuring compliance at every stage.",Non ITO
Use a script to configure VPN access policies for remote endpoints to ensure secure connections.,Non ITO
Use a script to configure network access control policies to restrict access based on endpoint compliance status.,Non ITO
Automate the configuration of remote desktop access policies for secure management of endpoints.,Non ITO
Automate the monitoring of access logs for unauthorized access attempts and generate alerts.,Non ITO
Use a script to automate the configuration of incident response plans for quick action during security incidents.,Non ITO
"Automate the configuration of scan exclusions for specific file types or directories, such as Oracle database files.",Non ITO
Use a script to configure web traffic filtering policies to block access to malicious or unauthorized websites.,Non ITO
"Automatically calculate risk scores for endpoints based on their vulnerabilities, threat exposure, and compliance status.",Non ITO
Track and ensure adherence to incident resolution Service Level Agreements (SLAs) by automating notifications and escalations.,Non ITO
Automatically revoke access to corporate resources for endpoints flagged as non-compliant or compromised.,Non ITO
Automate the updating of Apex One dashboards with real-time data and key performance indicators (KPIs).,Non ITO
Script to create a real-time heatmap of threat detections across all managed endpoints for quick risk assessment.,Non ITO
"Automate the detection of insider threats by monitoring for unusual activities, such as unauthorized access or privilege escalations.",Non ITO
Track the physical location of endpoints and generate alerts for unauthorized movements or access attempts.,Non ITO
Enforce network segmentation policies to isolate high-risk endpoints or limit access to sensitive resources.,Non ITO
Automatically update and enforce geo-blocking policies to restrict endpoint access from specific regions.,Non ITO
"Automatically track the lifecycle of endpoints, from deployment to retirement, ensuring compliance at every stage.",Non ITO
Automatically register new devices to Apex One and assign them to appropriate policies and groups.,Non ITO
Script to send real-time notifications to administrators or security teams for critical security incidents.,Non ITO
"Script to execute predefined incident response playbooks for specific threat scenarios, such as ransomware attacks.",Non ITO
"Script to enforce policies for USB device usage, such as blocking unauthorized devices or enabling read-only access.",Non ITO
"Maintain an up-to-date inventory of all registered endpoints, including their security status and configurations.",Non ITO
Automate the restoration of endpoints from backups after a security incident or ransomware attack.,Non ITO
Enforce DNS filtering policies on endpoints to block access to malicious or suspicious domains.,Non ITO
Enforce geo-blocking policies to restrict access to endpoints from specific geographic regions.,Non ITO
"Automate the setup and configuration of database servers like MySQL, PostgreSQL, or MongoDB.",Non ITO
Automate the deployment of security patches and updates to ensure systems are up to date.,Non ITO
Automate the setup of monitoring tools like Nagios or Zabbix to track system health.,Non ITO
Automate the setup and configuration of load balancers like HAProxy or AWS ELB.,Non ITO
"Automate the creation and management of cloud resources on AWS, Azure, or Google Cloud.",Non ITO
Automate the setup and management of CI/CD pipelines using tools like Jenkins or GitLab CI.,Non ITO
Automate the setup and management of DNS servers like BIND or PowerDNS.,Non ITO
Automate the setup and configuration of proxy servers like Squid or NGINX.,Non ITO
Automate the setup and configuration of email servers like Postfix or Exim.,Non ITO
Automate the setup and configuration of VPN servers like OpenVPN or WireGuard.,Non ITO
Automate the setup of load testing tools like JMeter or Locust.,Non ITO
Automate the setup of web application firewalls like ModSecurity.,Non ITO
Automate the setup of CDNs like Cloudflare or Akamai.,Non ITO
Automate the deployment of code to production or staging environments.,Non ITO
Automate the setup of network load balancers for high availability.,Non ITO
Automate the setup of network security groups in cloud environments.,Non ITO
Automate the setup of network access control lists for enhanced security.,Non ITO
Deploy multiple software packages in a single script to save time during system setup.,Non ITO
Automate the deployment of offline Chocolatey packages for systems without internet access.,Non ITO
Automate the setup of logging for Chocolatey deployments to track changes.,Non ITO
"Automate the deployment of cloud management tools like AWS CLI, Azure CLI, or Google Cloud SDK.",Non ITO
Automatically install new applications across multiple systems simultaneously.,Non ITO
Ensure systems are secure by automating the deployment of critical security patches.,Non ITO
Track the success or failure of deployments in real-time.,Non ITO
Deploy printer drivers to multiple systems to streamline printer setup.,Non ITO
Automate the deployment of updated drivers for hardware components.,Non ITO
Automate the configuration of time zone settings on devices.,Non ITO
Install or update VPN clients to ensure secure remote access.,Non ITO
Automate the deployment of BIOS updates to ensure hardware compatibility and security.,Non ITO
Automate the synchronization of system time across all devices.,Non ITO
Install encryption tools like BitLocker or VeraCrypt to secure data.,Non ITO
Automate the deployment of firmware updates for hardware devices.,Non ITO
Automate the deployment of group policy changes across the organization.,Non ITO
Automate the deployment of macOS and iOS updates to ensure that devices stay up to date.,Non ITO
Automatically disable or restrict access to USB devices to prevent unauthorized data transfer.,Non ITO
Automate the configuration of time zone settings on managed devices based on location.,Non ITO
Automate the deployment of VPN client configurations for secure remote access.,Non ITO
Automatically restrict access to the App Store to prevent unauthorized app installations.,Non ITO
Enforce auto-lock and screen timeout policies to secure devices after inactivity.,Non ITO
Enable Lost Mode on iOS devices to locate or secure them remotely.,Non ITO
Automate the installation and configuration of backup solutions on macOS devices.,Non ITO
Automatically restrict or disable AirDrop on macOS and iOS devices.,Non ITO
Automate the distribution of company-approved fonts to macOS devices.,Non ITO
Automate the setup of Time Machine backup configurations for macOS users.,Non ITO
Automatically restrict access to iCloud services on managed devices.,Non ITO
Automatically collect and report on warranty status for all managed devices.,Non ITO
Automatically restrict access to Game Center on iOS devices.,Non ITO
Automate the deployment of operating system updates to ensure devices stay secure and up to date.,Non ITO
Automate the restriction or enablement of USB device access on endpoints.,Non ITO
Automate the deployment of proxy configurations to ensure secure web access.,Non ITO
Automate the deployment of VPN client configurations for secure remote access.,Non ITO
Automatically enforce auto-lock settings after inactivity to secure endpoints.,Non ITO
Automate the deployment of Group Policy settings to endpoints.,Non ITO
Automate the configuration of time zone settings based on device locations.,Non ITO
Automatically deploy approved browser extensions like Grammarly or AdBlock across devices.,Non ITO
Automatically detect and disable guest accounts on managed endpoints.,Non ITO
Automatically block access to gaming or non-productive websites on managed devices.,Non ITO
Automate the deployment of anti-phishing tools or browser add-ons to protect users.,Non ITO
Automatically collect and track device warranty information for inventory management.,Non ITO
Automatically enroll new devices into Intune for management based on predefined policies.,Non ITO
Automatically track the installation status of applications on managed devices.,Non ITO
Automatically deploy and configure VPN profiles for secure remote access.,Non ITO
Automate the deployment of conditional access policies to control access to corporate resources.,Non ITO
Automatically deploy email configurations to devices for secure access to corporate email systems.,Non ITO
Automate the enforcement of policies to restrict or block USB device access.,Non ITO
Automatically detect and remove unauthorized or blacklisted applications from devices.,Non ITO
Automate the deployment of the Company Portal app to devices for self-service access to apps and resources.,Non ITO
Automatically enable and configure remote desktop access on managed devices.,Non ITO
Automate the restriction of app store access to prevent unauthorized app downloads.,Non ITO
Automatically block access to corporate resources for jailbroken or rooted devices.,Non ITO
Automatically track and report on the enrollment status of devices in Intune.,Non ITO
Automatically enforce conditional Wi-Fi access based on device compliance.,Non ITO
Automatically track and report on the warranty status of managed devices.,Non ITO
Automatically notify administrators when new device enrollments require approval.,Non ITO
Automatically enforce secure boot settings for managed devices.,Non ITO
Automate the deployment of anti-phishing tools or browser add-ons.,Non ITO
Automate the installation of system log monitoring tools.,Non ITO
Deploy Windows updates to ensure devices are up to date with the latest security and performance patches.,Non ITO
Automate the deployment of VPN client software to enable secure remote access.,Non ITO
Deploy scripts to set or modify time zone settings on devices.,Non ITO
Deploy scripts to disable or modify the behavior of the Windows Update service.,Non ITO
Deploy scripts to refresh or enforce Group Policy settings on devices.,Non ITO
Deploy scripts to update or modify BIOS settings such as boot order or secure boot.,Non ITO
Deploy scripts to modify local firewall rules on devices.,Non ITO
"Automate the setup and configuration of database servers like MySQL, PostgreSQL, or MongoDB.",Non ITO
Automate the deployment of security patches and updates to ensure systems stay up to date.,Non ITO
Automate the setup of monitoring tools like Nagios or Zabbix to track system health.,Non ITO
Automate the setup and configuration of load balancers like HAProxy or AWS ELB.,Non ITO
"Automate the creation and management of cloud resources on AWS, Azure, or Google Cloud.",Non ITO
Automate the setup and management of CI/CD pipelines using tools like Jenkins or GitLab CI.,Non ITO
Automate the setup and management of DNS servers like BIND or PowerDNS.,Non ITO
Automate the setup and configuration of proxy servers like Squid or NGINX.,Non ITO
Automate the setup and configuration of email servers like Postfix or Exim.,Non ITO
Automate the setup and configuration of VPN servers like OpenVPN or WireGuard.,Non ITO
Automate the setup of load testing tools like JMeter or Locust.,Non ITO
Automate the setup of web application firewalls like ModSecurity.,Non ITO
Automate the setup of CDNs like Cloudflare or Akamai.,Non ITO
Automate the deployment of code to production or staging environments.,Non ITO
Automate the setup of network load balancers for high availability.,Non ITO
Automate the setup of network security groups in cloud environments.,Non ITO
Automate the setup of network access control lists for enhanced security.,Non ITO
Schedule and automate the deployment of Windows updates and third-party patches to ensure systems stay secure and compliant.,Non ITO
Automate the deployment of hardware drivers to ensure compatibility and performance on devices.,Non ITO
Automate the creation of dynamic or static device collections based on specific criteria such as operating system or hardware type.,Non ITO
Automate the collection and reporting of hardware inventory across all managed devices.,Non ITO
Automate the reporting of update compliance to ensure all devices are up to date with the latest security patches.,Non ITO
Automate the installation and configuration of VPN clients for secure remote access.,Non ITO
Automate the deployment of Group Policy configurations using SCCM scripts.,Non ITO
Automate the deployment of NTP configuration to ensure accurate time synchronization on devices.,Non ITO
Automate the enforcement of disk encryption policies to secure sensitive data.,Non ITO
Track and enforce service level agreements to ensure compliance with commitments.,Non ITO
"Manage service requests for multiple departments beyond IT, such as HR or Facilities.",Non ITO
Manage facilities-related service requests and asset tracking.,Non ITO
Send real-time alerts for high-priority incidents to relevant teams.,Non ITO
Track resolution times for incidents to improve service efficiency.,Non ITO
Automatically discover and add IT assets to the CMDB for accurate tracking.,Non ITO
Manage service requests across multiple business units or tenants.,Non ITO
Automate incident categorization for faster triaging and resolution.,Non ITO
Assign and track ownership of IT and non-IT assets.,Non ITO
Provide support in multiple languages for global teams and clients.,Non ITO
Extend ITSM principles to enterprise-wide service management initiatives.,Non ITO
Analyze incident trends to identify recurring issues for resolution.,Non ITO
Analyze and manage cloud service costs like AWS or Azure to prevent overspending.,Non ITO
Track end-of-life dates for software and hardware to plan upgrades or replacements.,Non ITO
Implement role-based access to restrict unauthorized changes to asset data.,Non ITO
Integrate with IT service management tools to streamline asset tracking.,Non ITO
Track hardware depreciation to support financial reporting and planning.,Non ITO
Receive real-time alerts for potential compliance breaches.,Non ITO
Use tagging to categorize assets for easier tracking and reporting.,Non ITO
Provide detailed governance reports for IT asset management.,Non ITO
Automatically discover and track new IT assets in real time.,Non ITO
Track hardware warranties to plan for replacements or extensions.,Non ITO
Identify unauthorized software or hardware usage across the organization.,Non ITO
Track the depreciation of assets tied to IBM licenses for financial reporting.,Non ITO
Receive real-time notifications for potential compliance breaches.,Non ITO
Manage the lifecycle of hardware assets from procurement to retirement.,Non ITO
Track asset depreciation for financial reporting and budgeting.,Non ITO
Tag and categorize assets for easier tracking and reporting.,Non ITO
Integrate with IT service management tools to streamline asset-related workflows.,Non ITO
Implement role-based access to restrict unauthorized changes to asset data.,Non ITO
Track ownership of IT assets to ensure accountability.,Non ITO
Receive alerts for potential compliance risks related to IT assets.,Non ITO
Link asset data with help desk tools to streamline ticket resolution.,Non ITO
Analyze the total cost of ownership for IT assets throughout their lifecycle.,Non ITO
Forecast future asset allocation needs based on usage trends.,Non ITO
Manage the transfer of asset ownership between users or departments.,Non ITO
Link asset data with incident management tools for faster resolution.,Non ITO
Analyze cloud service usage and costs to optimize spending.,Non ITO
Implement role-based access to restrict unauthorized or accidental changes to software data.,Non ITO
Integrate software asset management with IT service management workflows for efficiency.,Non ITO
Track SaaS subscription renewals to avoid service interruptions.,Non ITO
Track licenses used in incident response tools to ensure compliance.,Non ITO
Streamline software requests and incident resolutions with ticketing tools.,Non ITO
Track and manage subscription renewals to avoid service interruptions.,Non ITO
Identify unauthorized software or hardware usage across the organization.,Non ITO
Track hardware warranties to plan for replacements or extensions.,Non ITO
Automatically discover and track new IT assets in real time.,Non ITO
Assign tasks to team members and track their progress in real-time to ensure project deadlines are met.,Non ITO
"Organize seasonal campaigns, such as holiday promotions, by tracking tasks and deadlines.",Non ITO
"Track tasks related to IT infrastructure upgrades, such as hardware replacements or software updates.",Non ITO
"Generate reports on workforce metrics like turnover, hiring trends, and time-off usage.",Non ITO
"Manage contractor records, including contracts, assignments, and payment details.",Non ITO
"Manage parental leave requests, approvals, and compliance with policies.",Non ITO
Provide HR support and documentation in multiple languages for global teams.,Non ITO
"Create detailed project timelines to track milestones, deadlines, and dependencies.",Non ITO
Track project milestones and ensure deadlines are met through progress monitoring.,Non ITO
Plan resource allocation for projects by tracking workload and team availability.,Non ITO
Track offboarding tasks such as equipment returns and final payroll approvals.,Non ITO
Enable real-time editing and commenting on documents with multiple collaborators.,Non ITO
Store and organize files securely in Google Drive with easy access across devices.,Non ITO
Use Google Sheets or Calendar to track project milestones and deadlines.,Non ITO
Enhance collaboration with third-party integrations and add-ons for Google Workspace.,Non ITO
Track project or task time using time logs in Google Sheets.,Non ITO
Secure shared files with passwords to ensure authorized access only.,Non ITO
Automate holiday pay calculations and ensure compliance with company policies.,Non ITO
Enable employees to access paycheck advances based on their earned wages.,Non ITO
Create project timelines with Gantt charts to track milestones and deadlines.,Non ITO
"Build custom dashboards to visualize project progress, team performance, and key metrics.",Non ITO
"Identify, track, and mitigate project risks with custom boards and alerts.",Non ITO
Manage IT support requests with boards to track ticket statuses and resolutions.,Non ITO
Track key performance indicators with real-time data on custom dashboards.,Non ITO
Track offboarding tasks such as equipment returns and final paperwork.,Non ITO
"Create a centralized dashboard to manage tasks, deadlines, and project progress.",Non ITO
"Build a reading list to track books, articles, and other materials to read.",Non ITO
Track contract renewal deadlines and send reminders for follow-up.,Non ITO
Create dedicated channels for incident response and resolution.,Non ITO
Share code snippets in Slack for real-time feedback and collaboration.,Non ITO
Use Slack to notify teams about service outages and resolutions in real time.,Non ITO
Organize project tasks and timelines using customizable boards and lists.,Non ITO
Store and organize team resources and documentation in boards for easy access.,Non ITO
"Manage sales pipelines with boards for tracking leads, opportunities, and closed deals.",Non ITO
Track project milestones using cards and visual progress updates on boards.,Non ITO
"Track intern projects, tasks, and progress using dedicated boards.",Non ITO
Track content approval processes by creating cards for reviews and feedback.,Non ITO
Organize and track project risks by creating cards for mitigation strategies.,Non ITO
"Automatically update group memberships based on user attributes, roles, or department changes.",Non ITO
Automatically manage application roles based on user attributes or group memberships.,Non ITO
Schedule and automate audits of roles to ensure proper access control and compliance.,Non ITO
"Trigger specific workflows automatically based on events like user creation, role changes, or group membership updates.",Non ITO
Automatically discover new applications and integrate them into Azure AD for centralized access management.,Non ITO
Integrate with ITSM tools like ServiceNow to automate incident creation and resolution based on Azure AD events.,Non ITO
"Automatically configure and manage provisioning for cloud platforms like AWS, Azure, or Google Cloud.",Non ITO
"Automatically rotate credentials for cloud environments like AWS, Azure, and Google Cloud.",Non ITO
Integrate with ITSM tools like ServiceNow to automate privileged access request and incident management workflows.,Non ITO
Automatically rotate database credentials and secure them within CyberArk.,Non ITO
"Integrate CyberArk with cloud platforms like AWS, Azure, and Google Cloud to manage privileged accounts automatically.",Non ITO
"Require privileged accounts to use secure file transfer protocols, such as SFTP, automatically.",Non ITO
Integrate with vulnerability scanning tools to automatically identify and address security gaps in privileged accounts.,Non ITO
Integrate with endpoint security solutions to enforce privileged access restrictions automatically.,Non ITO
"Discover, rotate, and manage SSL/TLS certificates automatically to ensure secure communications.",Non ITO
Secure and rotate API keys automatically to prevent unauthorized usage.,Non ITO
Integrate CyberArk with DevOps tools like Jenkins or Ansible to secure and manage secrets used in pipelines.,Non ITO
Enforce secure privileged access for database connections automatically.,Non ITO
Enforce privileged access controls automatically for cloud resources like EC2 instances in AWS.,Non ITO
Automatically store and manage passwords for privileged accounts in CyberArk's secure vault.,Non ITO
Enforce least privilege access automatically on workstations and servers.,Non ITO
Automatically rotate and secure service account credentials to prevent unauthorized access.,Non ITO
Automatically update group memberships based on user attributes or role changes.,Non ITO
Automatically manage application roles based on user attributes or group memberships.,Non ITO
Enforce additional access controls for high-risk users or activities automatically.,Non ITO
"Trigger specific workflows automatically based on events like user creation, role changes, or group membership updates.",Non ITO
Integrate with ITSM tools like ServiceNow to automate incident creation and resolution based on ForgeRock events.,Non ITO
"Automatically configure and manage provisioning for cloud platforms like AWS, Azure, or Google Cloud.",Non ITO
Schedule and automate periodic access reviews to ensure compliance with security policies.,Non ITO
Automatically update group memberships based on user attributes or roles.,Non ITO
Automatically enforce additional access controls for high-risk users or activities.,Non ITO
"Trigger automated workflows based on specific events, such as user creation, role changes, or group membership updates.",Non ITO
Automatically manage application roles based on user attributes or group memberships.,Non ITO
"Automatically configure and manage Single Sign-On (SSO) and provisioning for cloud platforms like AWS, Azure, or Google Cloud.",Non ITO
Notify group owners or administrators automatically when there are changes to user roles or group memberships.,Non ITO
Automate identity and access management for development environments by integrating IBM Security Identity Governance with DevOps tools like Jenkins or Kubernetes.,Non ITO
Automatically assign application-specific roles to users based on their job attributes or group memberships.,Non ITO
"Set up automated alerts for policy violations, such as unauthorized access or data sharing.",Non ITO
Add watermarks to documents automatically to indicate sensitivity or ownership.,Non ITO
Automatically update group memberships based on user attributes or roles.,Non ITO
Automatically assign applications to users based on their roles or group memberships.,Non ITO
Schedule and automate periodic access reviews to ensure compliance with security policies.,Non ITO
"Trigger automated workflows based on specific events, such as user creation or group membership changes.",Non ITO
Automatically manage API access permissions based on user roles or group memberships.,Non ITO
Automatically apply security policies to users based on their group memberships.,Non ITO
Integrate with ITSM tools like ServiceNow to automate incident and request management.,Non ITO
Automatically manage application roles based on user attributes or group memberships.,Non ITO
Integrate with cloud platforms like AWS or Azure to automate identity and access management.,Non ITO
"Trigger automated workflows based on specific events, such as user creation, role changes, or group membership updates.",Non ITO
Automatically manage application roles based on user attributes or group memberships.,Non ITO
Integrate with ITSM tools like ServiceNow or Jira to automate incident creation and resolution based on OneLogin events.,Non ITO
"Automatically notify administrators or security teams about potential incidents, such as unauthorized access attempts.",Non ITO
Automatically manage API access permissions based on user roles or group memberships.,Non ITO
"Enable automated recovery processes for users who lose access to their accounts, such as through email verification or security questions.",Non ITO
Automatically apply policies to users based on their group memberships for consistent security enforcement.,Non ITO
"Send automated notifications to users or administrators for specific events, such as application access changes or group membership updates.",Non ITO
"Automatically configure and manage Single Sign-On (SSO) and provisioning for cloud platforms like AWS, Azure, or Google Cloud.",Non ITO
Notify group owners or administrators automatically when there are changes to user roles or group memberships.,Non ITO
Automatically assign application-specific roles to users based on their job attributes or group memberships.,Non ITO
Automatically assign hardware or software tokens to users based on their roles or departments.,Non ITO
Automatically enforce RSA SecurID authentication for VPN connections to ensure secure remote access.,Non ITO
Enforce dynamic one-time codes to mitigate phishing attacks and prevent unauthorized access.,Non ITO
Automatically track and manage the inventory of hardware tokens to ensure availability.,Non ITO
Automatically update group memberships based on user attributes or role changes.,Non ITO
Automatically manage application roles based on user attributes or group memberships.,Non ITO
Enforce additional access controls for high-risk users or activities automatically.,Non ITO
"Trigger specific workflows automatically based on events like user creation, role changes, or group membership updates.",Non ITO
Integrate with ITSM tools like ServiceNow to automate incident creation and resolution based on SailPoint events.,Non ITO
"Automatically configure and manage provisioning for cloud platforms like AWS, Azure, or Google Cloud.",Non ITO
Automatically assign incidents to the appropriate group or individual based on predefined rules or conditions.,Non ITO
Notify users automatically when their incidents are resolved or closed.,Non ITO
Automatically update incident priority based on impact and urgency.,Non ITO
Automatically track and report the time taken to resolve incidents.,Non ITO
Use Performance Analytics to automatically analyze and report on incident trends.,Non ITO
Add another layer of security by integrating 1Password with multi-factor authentication tools like Authy or Google Authenticator.,Non ITO
"Add custom fields to saved login credentials, such as PINs, answers to security questions, or other relevant data.",Non ITO
"Access your encrypted vault even when offline, ensuring availability during emergencies or network outages.",Non ITO
Automatically lock the vault after a set period of inactivity to enhance security and prevent unauthorized access.,Non ITO
"Sync passwords and sensitive data across all devices in real-time, ensuring seamless access anywhere.",Non ITO
"Store API keys securely in the vault, ensuring theyâ€™re encrypted and protected from unauthorized access.",Non ITO
"Require approval from two parties before making changes to shared vaults, adding an additional layer of security.",Non ITO
Access one-time passwords and other credentials directly from your Apple Watch for convenience.,Non ITO
Restrict vault access to specific geographic locations to prevent unauthorized access from suspicious regions.,Non ITO
Attach credentials securely to Trello cards for project-specific access and collaboration.,Non ITO
"Allow users to set expiry dates for shared passwords, revoking access automatically after the specified time.",Non ITO
"Restrict access to specific credentials based on a time window, enhancing security for sensitive accounts.",Non ITO
Allow users to temporarily lock the vault during suspected security breaches to prevent unauthorized access.,Non ITO
Enable users to access and manage their vault using secure voice commands through virtual assistants like Alexa.,Non ITO
"Store SSH private keys securely in the vault, ensuring easy access and protection for developers and IT admins.",Non ITO
"Store and autofill credentials for Google Workspace apps, improving access security for businesses.",Non ITO
"Automatically rotate passwords for shared accounts, ensuring they remain secure over time.",Non ITO
Allow organizations to add custom branding to the 1Password interface to enhance familiarity for team members.,Non ITO
"Designate trusted contacts who can access the vault in case of an emergency, ensuring continuity and security.",Non ITO
Require approval from an administrator before sharing credentials with external users or teams.,Non ITO
"Store and manage credentials for smart home devices, ensuring secure access to IoT systems.",Non ITO
Automatically update stored credentials in the vault when users change passwords on websites or apps.,Non ITO
Restrict vault access based on specific IP addresses to prevent unauthorized access from unknown networks.,Non ITO
"Manage and store multiple 2FA methods, including OTPs, hardware tokens, and recovery keys.",Non ITO
Securely sync passwords and credentials across all devices in real-time to ensure users have access anywhere.,Non ITO
"Store API keys securely in the vault, preventing unauthorized access and reducing the risk of data leaks.",Non ITO
Automatically log users out of their vault after a set time of inactivity to enhance security.,Non ITO
Restrict access to the vault based on geographic location to prevent unauthorized access from unknown regions.,Non ITO
Assign different administrative roles to manage organizational vaults efficiently without granting full access.,Non ITO
Allow administrators to lock the entire organizational vault during security breaches to prevent unauthorized access.,Non ITO
"Implement a two-person approval process for critical changes to shared vaults, ensuring an additional layer of security.",Non ITO
Enable secure sharing of credentials or security alerts directly through Microsoft Teams.,Non ITO
Allow users to access and manage their vault using secure voice commands through virtual assistants like Alexa.,Non ITO
"Grant users access to credentials for a limited time window, ensuring time-sensitive security.",Non ITO
Automatically link credentials to Trello cards for project-specific access.,Non ITO
"Store and manage credentials for IoT devices, ensuring secure access to smart home or office equipment.",Non ITO
Automatically lock accounts if credentials are detected in a breach to prevent unauthorized access.,Non ITO
Automate the rotation of passwords for critical accounts to enhance security and reduce the risk of unauthorized access.,Non ITO
"Allow users to designate trusted contacts who can access their vault in case of emergencies, ensuring continuity and security.",Non ITO
Generate automated logs for vault access to track activities across all users.,Non ITO
Automatically transfer ownership of credentials when users change roles or leave the organization.,Non ITO
Automatically add tags to credentials for improved organization and searchability.,Non ITO
Automatically manage group memberships by adding or removing users based on their roles or teams.,Non ITO
"Automatically upload and organize secure documents, such as contracts or certificates, into Dashlane vaults.",Non ITO
Automatically export secure data from Dashlane vaults in encrypted format for external use or backups.,Non ITO
Automatically tag credentials with project-specific metadata for better organization.,Non ITO
Regularly audit secure notes to ensure compliance with organizational policies.,Non ITO
Automatically export secure data from vaults in encrypted format for external use or backups.,Non ITO
"Automatically manage secure file sharing through vaults, ensuring expiration dates and permissions compliance.",Non ITO
Automatically generate logs for credential access to track who accessed which items and when.,Non ITO
"KeePassXC provides a secure, encrypted vault to store and organize all your passwords.",Non ITO
"KeePassXC works seamlessly across Windows, macOS, and Linux for universal access.",Non ITO
Store sensitive information like secure notes in an encrypted database.,Non ITO
Automatically lock the database after a period of inactivity for added security.,Non ITO
Add custom fields to entries for storing additional information.,Non ITO
Automatically clear the clipboard after copying sensitive information.,Non ITO
Rename databases securely without compromising their integrity.,Non ITO
Generate secure links for sharing passwords temporarily.,Non ITO
Migrate databases securely between devices or platforms.,Non ITO
Lock databases securely to prevent unauthorized access.,Non ITO
Maintain logs of all database access activities for auditing.,Non ITO
Share databases securely with customizable access permissions.,Non ITO
Configure role-based access controls to restrict database access based on roles.,Non ITO
"Generate temporary passwords for one-time access, ensuring enhanced security.",Non ITO
Transfer databases securely between devices without risking unauthorized access.,Non ITO
Automate the secure storage of passwords and sensitive credentials in a centralized vault to prevent unauthorized access.,Non ITO
Automate the provisioning of temporary access to passwords or vaults and revoke access after a specified time frame.,Non ITO
Enable automated secure sharing of passwords with authorized users without exposing the content of the credentials.,Non ITO
Configure automated alerts on the admin dashboard for security risks like weak passwords or unauthorized access attempts.,Non ITO
Automatically lock out idle Keeper accounts to prevent unauthorized access from abandoned sessions.,Non ITO
"Notify administrators of real-time vulnerabilities related to stored credentials, such as detected weak or reused passwords.",Non ITO
Generate automated analytics reports on vault access patterns to identify potential security risks or bottlenecks.,Non ITO
"Configure automated access for multiple users to shared vaults, enabling seamless collaboration.",Non ITO
Automate secure API integrations with Keeper to enable seamless workflows while maintaining data security.,Non ITO
"Automatically set expiration dates for shared passwords, ensuring they are only valid for a limited time.",Non ITO
"Automatically revoke Keeper vault access for employees who leave the company, ensuring data security.",Non ITO
"Enforce automated device-based controls, allowing access to Keeper only from pre-approved devices.",Non ITO
Automate the transfer of credential ownership when employees change roles or leave the organization.,Non ITO
Automatically synchronize backup vaults across multiple data centers for disaster recovery.,Non ITO
Automatically alert administrators when users attempt to access credentials or vaults beyond their assigned permissions.,Non ITO
Synchronize your saved passwords and secure notes across multiple devices seamlessly.,Non ITO
Use the LastPass browser extension to access and manage passwords directly while browsing the web.,Non ITO
"Organize saved passwords into categories (e.g., Personal, Work) for quick access and better management.",Non ITO
Access your saved passwords and notes offline in case of no internet connectivity.,Non ITO
Automatically update passwords for supported accounts to enhance security and save time.,Non ITO
Safely share Wi-Fi passwords with guests using secure note sharing.,Non ITO
Activate lockdown mode during suspicious activity to prevent unauthorized access.,Non ITO
Leverage the zero-knowledge security model to ensure only you have access to your vault contents.,Non ITO
Transfer ownership of credentials during role changes within an organization.,Non ITO
"Save and manage multiple accounts for the same service (e.g., personal and business accounts).",Non ITO
Secure your passwords and data using AES-256 encryption to meet military-grade security standards.,Non ITO
Generate automated logs for vault access to track activities across all users.,Non ITO
Automatically transfer ownership of credentials when users change roles or leave the organization.,Non ITO
Automatically add tags to credentials for improved organization and searchability.,Non ITO
Automatically manage group memberships by adding or removing users based on their roles or teams.,Non ITO
"Automatically upload and organize secure documents, such as contracts or certificates, into NordPass vaults.",Non ITO
Automatically export secure data from NordPass vaults in encrypted format for external use or backups.,Non ITO
Automatically tag credentials with project-specific metadata for better organization.,Non ITO
Regularly audit secure notes to ensure compliance with organizational policies.,Non ITO
Automatically export secure data from vaults in encrypted format for external use or backups.,Non ITO
"Automatically manage secure file sharing through vaults, ensuring expiration dates and permissions compliance.",Non ITO
Automatically generate logs for credential access to track who accessed which items and when.,Non ITO
Synchronizes passwords across multiple devices to ensure seamless access and management.,Non ITO
"Provides 2FA integration for accounts, adding an extra layer of protection against unauthorized access.",Non ITO
"Automatically changes weak or compromised passwords with new, secure ones.",Non ITO
Scans suspicious websites and alerts users when they attempt to enter credentials on phishing pages.,Non ITO
"Deletes outdated or unused passwords automatically, ensuring the vault is clean and secure.",Non ITO
"Prevents users from reusing old passwords, encouraging the use of fresh, secure credentials.",Non ITO
Allows users to retrieve passwords securely by scanning a QR code from their mobile devices.,Non ITO
Monitors for brute-force attack attempts and temporarily locks affected accounts to prevent access.,Non ITO
"Creates links that allow secure, time-limited access to specific passwords.",Non ITO
Allows users to revoke access to shared passwords instantly.,Non ITO
Restricts vault access to specific geographic locations for added security.,Non ITO
"Creates secure backups of shared vaults, ensuring recovery while maintaining privacy.",Non ITO
"Restricts vault access based on authorized device types, such as mobile or desktop.",Non ITO
Sends reminders to users about shared passwords that are nearing their expiration date.,Non ITO
"Generates reports categorizing passwords by strength, usage, or creation date for better insights.",Non ITO
Automatically locks the vault when connected to untrusted Wi-Fi networks for added security.,Non ITO
Offers tips and tutorials to educate users about best practices for creating secure passwords.,Non ITO
Automatically generates secure passwords for accounts shared among multiple users.,Non ITO
"Manage all organizational passwords in a single, secure location, reducing the risk of data breaches.",Non ITO
Store all data using advanced encryption mechanisms to prevent unauthorized access.,Non ITO
Provide quick and secure access to credentials during emergencies without compromising security.,Non ITO
Detect potential threats to credential security in real-time and alert administrators to prevent breaches.,Non ITO
Create and enforce custom access policies tailored to meet specific organizational security requirements.,Non ITO
Maintain secure backups of credentials to prevent data loss in case of system failures or accidental deletions.,Non ITO
Enable secure remote access to credentials for distributed teams working across multiple locations.,Non ITO
Automatically log users out after a period of inactivity to enhance security and prevent unauthorized access.,Non ITO
Leverage AI to proactively identify and prevent potential security risks and unauthorized access attempts.,Non ITO
Store and manage SSH keys securely to prevent unauthorized access to servers and systems.,Non ITO
Provide temporary access to guest users for specific credentials without compromising overall security.,Non ITO
Restrict access to credentials based on geographic locations to prevent unauthorized access from sensitive regions.,Non ITO
"Instantly revoke shared credentials when access is no longer required, ensuring ongoing security.",Non ITO
"Allow specific users or groups to have read-only access to certain credentials, preventing unauthorized modifications.",Non ITO
Create team-based shared vaults to enhance collaboration while maintaining security and access controls.,Non ITO
Manage and rotate tokens securely to prevent unauthorized reuse and access.,Non ITO
Encrypt backups with custom keys to ensure that only authorized personnel can restore and access data.,Non ITO
"Manage and secure credentials used for accessing IoT devices, ensuring secure connectivity.",Non ITO
Integrate with third-party backup solutions to ensure secure storage and retrieval of credentials.,Non ITO
Remotely wipe credentials from lost or stolen devices to prevent unauthorized access.,Non ITO
Track and analyze access patterns for shared vaults to identify potential misuse or security risks.,Non ITO
Integrate with incident management tools to automate responses to credential-related security incidents.,Non ITO
Automatically revoke credential access for departing employees to maintain organizational security.,Non ITO
"Require two-person approval for accessing highly sensitive credentials, improving security for critical systems.",Non ITO
"Manage credentials across multi-cloud environments securely, ensuring consistent access controls.",Non ITO
Visualize credential access over time with heatmaps to identify unusual patterns or security risks.,Non ITO
"Stores passwords securely in an encrypted format, ensuring they are safe from unauthorized access.",Non ITO
Synchronizes passwords and login information across multiple devices to ensure seamless access anytime.,Non ITO
Allows users to designate trusted contacts who can access their passwords in case of an emergency.,Non ITO
Instantly synchronizes updates to passwords across all devices in real time.,Non ITO
Tracks failed login attempts and notifies users of potential unauthorized access.,Non ITO
Allows users to log in to accounts by scanning a QR code for quick and secure access.,Non ITO
Limits access to RoboForm accounts based on trusted devices only.,Non ITO
Detects when passwords are updated on websites and prompts users to save the new credentials.,Non ITO
Stores online purchase details for quick checkout while ensuring data security.,Non ITO
Provides a secure way for family members to share passwords while maintaining privacy and control.,Non ITO
"Sends notifications to users when a login attempt is made, helping them identify unauthorized access.",Non ITO
Identifies duplicate passwords in the vault and suggests consolidating or changing them for security.,Non ITO
Restricts access to stored credentials based on predefined geographical locations for enhanced security.,Non ITO
Allows administrators to create custom roles with varying levels of access to shared credentials.,Non ITO
Automate the deployment of patches to keep systems secure and up-to-date.,Non ITO
Schedule and automate the installation of Windows updates on client devices.,Non ITO
Automatically onboard new devices by installing agents and configuring settings.,Non ITO
Automatically offboard devices by uninstalling agents and revoking access.,Non ITO
Track device warranties and send reminders for upcoming expirations.,Non ITO
Configure and manage remote desktop access for client devices.,Non ITO
Automatically decommission devices by wiping data and removing them from the system.,Non ITO
Schedule and automate backups of device configurations.,Non ITO
Restore device configurations automatically from backups.,Non ITO
Deploy Atera agents to new devices automatically during onboarding.,Non ITO
Automatically remove Atera agents from decommissioned or offboarded devices.,Non ITO
"Automatically group devices based on location, department, or other criteria for easier management.",Non ITO
Automatically approve patches for deployment based on predefined criteria.,Non ITO
Conduct automated compliance checks to ensure all devices are patched according to organizational policies.,Non ITO
Automatically approve rollbacks for patches that cause issues or fail to install correctly.,Non ITO
Conduct automated compliance checks to ensure all devices are rolled back according to organizational policies.,Non ITO
Add or remove users from groups automatically based on predefined rules.,Non ITO
Regularly audit group roles in FreeIPA to identify and remove unnecessary permissions.,Non ITO
"Automatically add, update, or delete hosts in FreeIPA for better infrastructure management.",Non ITO
"Automatically create, update, or delete service accounts in FreeIPA.",Non ITO
"Automatically issue, renew, and revoke certificates in FreeIPA for secure communication.",Non ITO
"Automatically create, update, or delete DNS records in FreeIPA for better network management.",Non ITO
Automate the installation of FreeIPA replicas to ensure high availability.,Non ITO
Restore FreeIPA configurations and data automatically from backups.,Non ITO
Automatically configure and enforce access control policies in FreeIPA.,Non ITO
"Automatically create, update, or delete sudo rules in FreeIPA for better privilege management.",Non ITO
Automatically enforce RBAC policies in FreeIPA to streamline access management.,Non ITO
Generate automated reports on group activities in FreeIPA for auditing and analysis.,Non ITO
Generate automated reports on group access permissions in FreeIPA for compliance purposes.,Non ITO
"Generate automated reports on user accounts, including status, roles, and group memberships.",Non ITO
Automatically update user roles in FreeIPA when their job responsibilities change.,Non ITO
Automatically rotate passwords for service accounts and privileged users in FreeIPA.,Non ITO
Regularly audit group memberships in FreeIPA to ensure compliance with access control policies.,Non ITO
Automatically set expiry dates for group memberships in FreeIPA.,Non ITO
Send automated notifications when group memberships are about to expire.,Non ITO
Automatically remove inactive or expired group memberships in FreeIPA.,Non ITO
Automatically renew host certificates in FreeIPA to ensure secure communication.,Non ITO
Automatically remove obsolete or unused DNS records in FreeIPA.,Non ITO
Automatically delete or deactivate users in JumpCloud when they leave the organization.,Non ITO
Add or remove users from groups automatically based on predefined rules.,Non ITO
Automatically unbind users from devices when they leave the organization or change roles.,Non ITO
Automatically configure RADIUS settings in JumpCloud for secure network access.,Non ITO
Schedule commands to run on managed devices during specific time windows.,Non ITO
Automatically deploy patches to managed devices to keep them secure and up-to-date.,Non ITO
Automatically remove obsolete or decommissioned devices from JumpCloud's inventory.,Non ITO
Track device warranties and send reminders for upcoming expirations.,Non ITO
Schedule and automate backups of device configurations.,Non ITO
Restore device configurations automatically from backups.,Non ITO
Automatically enforce RBAC policies in JumpCloud to streamline access management.,Non ITO
Regularly audit group roles in JumpCloud to identify and remove unnecessary permissions.,Non ITO
Automatically update JumpCloud agents on managed devices to ensure compatibility and access to the latest features.,Non ITO
Deploy JumpCloud agents to new devices automatically during onboarding.,Non ITO
Automatically remove JumpCloud agents from decommissioned or offboarded devices.,Non ITO
"Automatically group devices based on location, department, or other criteria for easier management.",Non ITO
Automatically approve patches for deployment based on predefined criteria.,Non ITO
Conduct automated compliance checks to ensure all devices are patched according to organizational policies.,Non ITO
Automatically approve rollbacks for patches that cause issues or fail to install correctly.,Non ITO
Automatically approve patch rollbacks based on predefined criteria.,Non ITO
Add or remove users from groups automatically based on predefined rules.,Non ITO
Regularly audit resource access permissions in Keycloak to ensure compliance.,Non ITO
Generate automated reports on group activities in Keycloak for auditing and analysis.,Non ITO
Generate automated reports on group access permissions in Keycloak for compliance purposes.,Non ITO
Generate automated reports on realm access permissions in Keycloak for compliance purposes.,Non ITO
Generate automated reports on client access permissions in Keycloak for compliance purposes.,Non ITO
Add or remove users from groups automatically based on predefined rules.,Non ITO
Generate automated reports on group activities in LDAP Account Manager for auditing and analysis.,Non ITO
Generate automated reports on group access permissions in LDAP Account Manager for compliance purposes.,Non ITO
"Generate automated reports on user accounts, including status, roles, and group memberships.",Non ITO
Regularly audit group memberships in LDAP Account Manager to ensure compliance with access control policies.,Non ITO
Automatically set expiry dates for group memberships in LDAP Account Manager.,Non ITO
Send automated notifications when group memberships are about to expire.,Non ITO
"Automatically disable and delete AD accounts, revoke access to applications, and deprovision resources for users leaving the organization.",Non ITO
Automatically add or remove users from security and distribution groups based on their roles and attributes.,Non ITO
Set up automated alerts for unusual activities like multiple failed login attempts or unauthorized access attempts.,Non ITO
"Identify and clean up unused AD accounts, groups, and objects to maintain a secure and efficient environment.",Non ITO
Automate the setup and enforcement of MFA policies to improve security for AD users.,Non ITO
Regularly audit security group memberships and permissions to identify anomalies and ensure compliance.,Non ITO
"Automate creation, modification, and reporting of Group Policy Objects (GPOs) to streamline administration tasks.",Non ITO
Automate access management workflows by integrating AD360 with ITSM tools like ServiceNow or Jira Service Management.,Non ITO
"Automate identity management tasks for cloud platforms like AWS, Azure, and Google Cloud.",Non ITO
"Automatically create, delete, and manage Office 365 groups based on AD group memberships.",Non ITO
Assign and revoke temporary group memberships automatically based on predefined policies.,Non ITO
Identify and manage nested group memberships to avoid unnecessary complexity and security risks.,Non ITO
Regularly audit Group Policy Objects (GPOs) to identify misconfigurations or unauthorized changes.,Non ITO
Add or remove users from groups automatically based on predefined rules.,Non ITO
Generate automated reports on group activities in Microsoft 365 for auditing and analysis.,Non ITO
Generate automated reports on group access permissions in Microsoft 365 for compliance purposes.,Non ITO
Automatically add or remove users from Teams channels based on their roles or departments.,Non ITO
"Automatically enforce security policies, such as conditional access or device compliance, in Microsoft 365.",Non ITO
"Automatically respond to security incidents, such as locking accounts or revoking access, in Microsoft 365.",Non ITO
Automatically enroll new devices into Microsoft 365 for management and monitoring.,Non ITO
Automatically deploy patches to devices managed in Microsoft 365 to keep them secure and up-to-date.,Non ITO
Automatically revoke access to Microsoft 365 resources for lost or stolen devices.,Non ITO
Track device warranties and send reminders for upcoming expirations.,Non ITO
Schedule and automate backups of device configurations in Microsoft 365.,Non ITO
Restore device configurations automatically from backups in Microsoft 365.,Non ITO
Automatically remove unused or unauthorized Microsoft 365 apps from devices.,Non ITO
Automatically revoke access to all applications and resources for users leaving the organization to ensure security.,Non ITO
Automatically add or remove users from groups based on their roles or attributes.,Non ITO
Automate policies to ensure only trusted devices can access corporate resources.,Non ITO
Automate the creation of custom dashboards for identity and access analytics.,Non ITO
Automate policies to restrict unauthorized data sharing.,Non ITO
"Automate identity management tasks for cloud platforms like AWS, Azure, and Google Cloud.",Non ITO
Automate identity management tasks for nonprofit tools like Salesforce Nonprofit Cloud.,Non ITO
Automate identity management tasks for media platforms like Adobe Creative Cloud.,Non ITO
Automate identity management tasks for hospitality platforms like Oracle Hospitality.,Non ITO
Automatically revoke access rights for users leaving the organization to ensure security and compliance.,Non ITO
Automate the cleanup of inactive or outdated accounts in Active Directory to maintain a secure environment.,Non ITO
"Automate access management tasks for cloud platforms like AWS, Azure, and Google Cloud.",Non ITO
Automate periodic reviews of application access to ensure compliance and security.,Non ITO
Automate the creation of custom dashboards for access and compliance analytics.,Non ITO
Automate policies to restrict unauthorized data sharing.,Non ITO
Automate the monitoring of privileged accounts to detect misuse or unauthorized access.,Non ITO
Automatically generate documentation of access rights for audits and compliance purposes.,Non ITO
Automate access management tasks for backup systems to ensure secure data recovery processes.,Non ITO
Automate access management tasks for virtualization platforms like VMware or Hyper-V.,Non ITO
Automate access management tasks by integrating ARM with identity providers like Okta or Azure AD.,Non ITO
Automate access management tasks for endpoint management tools like Microsoft Intune or Jamf.,Non ITO
Automate access-related event logging and analysis by integrating ARM with SIEM tools like Splunk or QRadar.,Non ITO
Automate access management tasks for firewall management tools like Palo Alto Networks or Cisco ASA.,Non ITO
Automate access management tasks for NAC systems to ensure secure network access.,Non ITO
Automate access management tasks for healthcare systems like Epic or Cerner to ensure compliance with HIPAA.,Non ITO
Automate access management tasks for manufacturing systems like Siemens or Rockwell Automation.,Non ITO
Automate access management tasks for IoT platforms like AWS IoT or Azure IoT.,Non ITO
Automate access management tasks for travel platforms like Amadeus or Sabre.,Non ITO
Automate access management tasks for hospitality platforms like Oracle Hospitality.,Non ITO
Automate access management tasks for media platforms like Adobe Creative Cloud.,Non ITO
Automate access management tasks for nonprofit tools like Salesforce Nonprofit Cloud.,Non ITO
Send automated reminders for SaaS subscription renewals to avoid service interruptions.,Non ITO
Automate the generation of incident reports for SaaS application outages or security events.,Non ITO
Check and report SaaS application compliance with service level agreements (SLAs).,Non ITO
Automate the assignment and tracking of data ownership within SaaS applications.,Non ITO
Automate policies to restrict unauthorized data sharing within SaaS applications.,Non ITO
"Automate the process of granting and revoking access to SaaS applications for employees, ensuring compliance and efficiency.",Non ITO
"Revoke access to all SaaS applications for employees leaving the organization to ensure security and compliance [\[1\]](https://www.zluri.com/blog/automate-onboarding-using-zluri/),.",Non ITO
Automate reminders and workflows for SaaS subscription renewals to avoid service interruptions.,Non ITO
Conduct automated audits of SaaS application access to ensure compliance and security.,Non ITO
Automate incident management processes for SaaS applications to ensure quick resolution of issues.,Non ITO
Use scripts to purchase and configure SSL certificates for domains.,Non ITO
Use scripts to remove forwarding configurations for specific domains.,Non ITO
Use scripts to approve or reject domain transfer requests automatically.,Non ITO
Add or update tags for multiple domains in bulk using scripts.,Non ITO
"Automate the export of analytics data (traffic, security events, etc.) for reporting or further analysis.",Non ITO
Automate the addition or removal of IPs from access lists to control who can access your site.,Non ITO
"Automate the deployment of custom error pages for 404, 500, or other HTTP status codes.",Non ITO
Automate the setup and updates of load balancers to distribute traffic efficiently.,Non ITO
Automate the creation and revocation of API tokens for secure access to Cloudflare's API.,Non ITO
Automate the setup and management of DNSSEC to secure DNS records.,Non ITO
Automate the creation and renewal of origin certificates for secure communication between Cloudflare and origin servers.,Non ITO
Automate the whitelisting of specific IPs for secure access.,Non ITO
Automate the prefetching of resources to improve load times for end users.,Non ITO
Automate the debugging of Worker scripts using logs and error tracking.,Non ITO
Use scripts to automatically add domains to DomainMOD by importing domain details from a CSV or API.,Non ITO
Use scripts to verify domain ownership using DNS or email-based verification methods.,Non ITO
Use scripts to group registrar API responses by registrar or domain category.,Non ITO
Use scripts to purchase SSL certificates for domains and automate their installation.,Non ITO
Use scripts to configure domain forwarding for specific domains.,Non ITO
Use scripts to verify domain ownership using DNS or email-based verification methods.,Non ITO
Use scripts to approve or reject domain transfer requests automatically.,Non ITO
Use scripts to update API credentials in Dynadot for secure integrations.,Non ITO
Use scripts to group API responses by registrar or domain category.,Non ITO
Use scripts to enable WHOIS privacy for registered domains to protect sensitive owner information.,Non ITO
Automate enabling WHOIS privacy for multiple domains at once to save time.,Non ITO
Use scripts to configure domain forwarding to redirect traffic to another domain or URL.,Non ITO
Automate the monitoring of domain transfer statuses and send alerts for completed or failed transfers.,Non ITO
Use scripts to add tags to domains for better organization.,Non ITO
Use scripts to purchase and configure SSL certificates for domains.,Non ITO
Use scripts to import DNS zone files into GoDaddy Domain Manager for centralized DNS management.,Non ITO
Use scripts to remove domain forwarding configurations for specific domains.,Non ITO
Use scripts to approve or reject domain transfer requests automatically.,Non ITO
Use scripts to switch registrars for domains for cost savings or better service.,Non ITO
Automate the updating of API credentials in GoDaddy for secure integrations.,Non ITO
Use scripts to update forwarding settings for multiple domains at once.,Non ITO
Use scripts to delete DNS records in bulk for multiple domains.,Non ITO
Use scripts to transfer domains from GoDaddy to another registrar for better pricing or features.,Non ITO
Use scripts to purchase and configure SSL certificates for domains.,Non ITO
Use scripts to remove forwarding configurations for specific domains.,Non ITO
Use scripts to approve or reject domain transfer requests automatically.,Non ITO
Add or update tags for multiple domains in bulk using scripts.,Non ITO
Use scripts to manage and audit account-level permissions for secure access.,Non ITO
Use scripts to update forwarding settings for multiple domains at once.,Non ITO
Use scripts to delete DNS records in bulk for multiple domains.,Non ITO
Use scripts to manage and audit account-level permissions for secure access.,Non ITO
Use scripts to purchase and configure SSL certificates for domains.,Non ITO
Use scripts to remove forwarding configurations for specific domains.,Non ITO
Use scripts to approve or reject domain transfer requests automatically.,Non ITO
Add or update tags for multiple domains in bulk using scripts.,Non ITO
Use scripts to manage and audit account-level permissions for secure access.,Non ITO
Automate the renewal of multiple domains at once to save time.,Non ITO
Automate the purchase of SSL certificates for domains.,Non ITO
Automate the renewal of SSL certificates to maintain secure connections.,Non ITO
Automate generating domain name suggestions based on keywords.,Non ITO
Automate verifying domain ownership using DNS or email methods.,Non ITO
Automate the process of changing domain ownership between accounts.,Non ITO
Automate participating in domain name auctions.,Non ITO
Use scripts to purchase and configure SSL certificates for domains.,Non ITO
Use scripts to remove forwarding configurations for specific domains.,Non ITO
Use scripts to approve or reject domain transfer requests automatically.,Non ITO
Add or update tags for multiple domains in bulk using scripts.,Non ITO
Use scripts to manage and audit account-level permissions for secure access.,Non ITO
Automate the monitoring of domain transfer statuses and send alerts for completed or failed transfers.,Non ITO
Use scripts to purchase and configure SSL certificates for domains.,Non ITO
Use scripts to remove forwarding configurations for specific domains.,Non ITO
Use scripts to approve or reject domain transfer requests automatically.,Non ITO
Add or update tags for multiple domains in bulk using scripts.,Non ITO
Use scripts to manage and audit account-level permissions for secure access.,Non ITO
Use scripts to set up custom email forwarding for domains.,Non ITO
Renew SSL certificates automatically before their expiration to maintain secure communication over HTTPS.,Non ITO
Automate regular malware scans to detect and remove malicious code or files on the server.,Non ITO
Automate the setup of WordPress multisite installations to manage multiple websites from a single dashboard.,Non ITO
Automate the whitelisting of specific IP addresses for secure access to the server or website.,Non ITO
Automate the blocking of suspicious or malicious IP addresses to prevent unauthorized access.,Non ITO
Automate the setup and management of a Content Delivery Network (CDN) for faster website load times.,Non ITO
Automate the setup of hotlink protection to prevent unauthorized use of hosted media files.,Non ITO
Automate the configuration of server firewalls to block unauthorized access and allow specific traffic.,Non ITO
Automate the migration of entire servers to new hardware or hosting environments.,Non ITO
Schedule automated health checks for servers to identify potential hardware or software issues.,Non ITO
Use scripts to start or stop RDS instances during specific time periods to save costs.,Non ITO
"Use automation tools to deploy AWS Lambda functions with code updates, environment variables, and triggers.",Non ITO
"Automate the monitoring of Lambda function execution time, memory usage, and error rates.",Non ITO
Automate the setup of SSL certificates for secure communication via Elastic Load Balancers.,Non ITO
Automate the rotation of IAM access keys to improve security.,Non ITO
Automate the deployment and updates of CloudFormation stacks for managing AWS infrastructure as code.,Non ITO
Automate the monitoring of VPC traffic using VPC Flow Logs and trigger alerts for unusual patterns.,Non ITO
Use scripts to provision NAT Gateways for secure outbound internet access from private subnets.,Non ITO
"Use scripts to automatically tag EC2 instances with metadata like environment, owner, or project for better resource organization and cost tracking.",Non ITO
Use scripts to enable and configure logging for S3 buckets to track access and usage patterns.,Non ITO
Automate the creation of global tables in DynamoDB for multi-region data replication and low-latency access.,Non ITO
Automate the setup of anomaly detection for CloudWatch metrics to identify unusual patterns.,Non ITO
Automate the creation of IAM roles with specific trust policies and permissions for secure access to AWS resources.,Non ITO
"Automate database backups on a daily, weekly, or monthly schedule, and store them in a secure location.",Non ITO
Automate the setup of WordPress multisite networks for managing multiple websites.,Non ITO
Use scripts to migrate websites between Bluehost accounts or from other providers.,Non ITO
Use scripts to whitelist specific IP addresses for security or access control.,Non ITO
"Automate database backups on a daily, weekly, or monthly schedule, and store them in a secure location.",Non ITO
Automate the setup of WordPress multisite networks for managing multiple websites.,Non ITO
Use scripts to migrate websites between Bluehost accounts or from other providers.,Non ITO
Use scripts to whitelist specific IP addresses for security or access control.,Non ITO
Automatically enable and manage PHP error logging for debugging and troubleshooting website issues.,Non ITO
"Use scripts to test custom error pages (e.g., 404, 403) to ensure they display correctly and provide helpful information.",Non ITO
Use scripts to add watermarks to images uploaded to the website to protect intellectual property.,Non ITO
Use Terraform scripts to automate the provisioning and management of DigitalOcean infrastructure as code.,Non ITO
"Automate the monitoring of serverless function execution time, memory usage, and error rates, and send alerts for anomalies.",Non ITO
"Use scripts to add, remove, or update team members and their roles in DigitalOcean projects.",Non ITO
"Use scripts to add, remove, or update SSH keys for secure access to Droplets.",Non ITO
Automate the monitoring of server error logs and set up alerts for specific error codes or patterns.,Non ITO
Use scripts to automate the installation of WordPress for new websites.,Non ITO
Automate the setup of WordPress multisite installations to manage multiple sites under one network.,Non ITO
Automate the whitelisting of specific IP addresses for secure access to the website or server.,Non ITO
Automate the blocking of suspicious or malicious IP addresses to prevent unauthorized access.,Non ITO
Automate the setup and management of a Content Delivery Network (CDN) for faster website load times.,Non ITO
Automate the setup of hotlink protection to prevent unauthorized use of hosted media files.,Non ITO
Automate regular malware scans to detect and remove malicious code or files on the server.,Non ITO
Automate monitoring of error logs and send alerts for specific errors requiring immediate attention.,Non ITO
Automate the setup of WordPress multisite installations to manage multiple websites under a single network.,Non ITO
Automate the whitelisting of IP addresses for secure access to the server or website.,Non ITO
Automate the blocking of suspicious or malicious IP addresses to prevent unauthorized access.,Non ITO
Automate the setup and management of a Content Delivery Network (CDN) for faster website load times.,Non ITO
Automate the setup of hotlink protection to prevent unauthorized use of hosted media files.,Non ITO
Automate monitoring of BigQuery query performance and send alerts if queries exceed execution time or cost thresholds.,Non ITO
Automate the monitoring of logs in Cloud Logging and set up alerts for error patterns or anomalies.,Non ITO
"Use scripts to create IAM policies and assign roles to users, groups, or service accounts.",Non ITO
Automate the monitoring of Cloud DNS health checks and trigger alerts if endpoints become unhealthy.,Non ITO
"Automate database backups on a daily, weekly, or monthly schedule, and store them in a secure location.",Non ITO
Automate the setup of WordPress multisite networks for managing multiple websites.,Non ITO
Use scripts to migrate websites between HostGator accounts or from other providers.,Non ITO
Use scripts to whitelist specific IP addresses for security or access control.,Non ITO
Automate malware scans to detect and remove malicious code or files on the server.,Non ITO
Automate monitoring of error logs and send alerts for specific errors requiring immediate action.,Non ITO
Automate the setup of WordPress multisite installations to manage multiple websites under a single network.,Non ITO
Automate the whitelisting of IP addresses for secure access to the server or website.,Non ITO
Automate the blocking of suspicious or malicious IP addresses to prevent unauthorized access.,Non ITO
Automate the setup and management of a Content Delivery Network (CDN) for faster website load times.,Non ITO
Automate the setup of hotlink protection to prevent unauthorized use of hosted media files.,Non ITO
"Automate database backups on a daily, weekly, or monthly schedule, and store them in a secure location.",Non ITO
Automate the setup of WordPress multisite networks for managing multiple websites.,Non ITO
Use scripts to migrate websites between SiteGround accounts or from other providers.,Non ITO
Use scripts to whitelist specific IP addresses for security or access control.,Non ITO
